Ж,ԍ,Z,URL,L[[h,n,
Ђ܂⃉[,0356160101,s戻R PU|S,https://itp.ne.jp/info/133733841143530700,[,s,2023N1001 02:58:54
̖^{X,0332510291,sc_c{cQ QP,https://itp.ne.jp/info/139843002100000899,[,s,2023N1001 02:58:54
AuwgˎX,0422266960,ssgˎ쒬P P|W|Qe,https://itp.ne.jp/info/520000355857410001,[,s,2023N1001 02:58:55
񂰐Hs^䉬X,0333950615,s扺䑐T QR|PQ,https://itp.ne.jp/info/130221772100000899,[,s,2023N1001 02:58:55
񂰐Hs^XX,0356387091,s]捂 PR|PT,https://itp.ne.jp/info/130255129034031750,[,s,2023N1001 02:58:55
,0425628898,sasXT WW|PQ,https://itp.ne.jp/info/130425114170330190,[,s,2023N1001 02:58:56
˓,0332615310,scѓcQ T|P,https://itp.ne.jp/info/130514854163030290,[,s,2023N1001 02:58:56
[R,0422325537,ss쒬T R|PU,https://itp.ne.jp/info/130818238100000899,[,s,2023N1001 02:58:56
[Y,0336967187,s擌VP P|P|POP,https://itp.ne.jp/info/131035749041661440,[,s,2023N1001 02:58:56
[y,0354610357,si擌P QP|X,https://itp.ne.jp/info/131133686100000899,[,s,2023N1001 02:58:56
u,0335315959,s]擌_P U|PW,https://itp.ne.jp/info/131160407112581410,[,s,2023N1001 02:58:57
fHX,0425773446,ssP PX|W,https://itp.ne.jp/info/131273953163041070,[,s,2023N1001 02:58:57
[߂ٌc󑐖{X,0358287355,s䓌Ԑ˂Q PV|X,https://itp.ne.jp/info/131524708165960300,[,s,2023N1001 02:58:57
ؗiy,0336577527,s]ːkT PU|Q,https://itp.ne.jp/info/131533833163541480,[,s,2023N1001 02:58:57
݂݂gˎX,0422225015,ssgˎ{P P|X,https://itp.ne.jp/info/131664138100000899,[,s,2023N1001 02:58:57
o,0334510514,s`斃z\ԂQ S|T,https://itp.ne.jp/info/131896903100000899,[,s,2023N1001 02:58:57
񂰐HsiRX,0423895900,ssiRP R|R,https://itp.ne.jp/info/132030157100000899,[,s,2023N1001 02:58:58
̏,0334382052,s`ՃmR S|V,https://itp.ne.jp/info/132067303100000899,[,s,2023N1001 02:58:58
,0333932082,s扬ET PR|U|POT,https://itp.ne.jp/info/132122672100000899,[,s,2023N1001 02:58:58
B񂪂X,0335723025,sU PQ|PV,https://itp.ne.jp/info/132133456193060870,[,s,2023N1001 02:58:58
ǁE݂cX,0427249370,scscR P|S,https://itp.ne.jp/info/132304500175261000,[,s,2023N1001 02:59:07
S,0424960808,ssP P|QO,https://itp.ne.jp/info/132305934196721570,[,s,2023N1001 02:59:07
܂⃉[ۖ؊ԓX,0338592893,sۖ؊ԂQ U|X,https://itp.ne.jp/info/132470645100000899,[,s,2023N1001 02:59:07
񂰐HspX,0337007925,scJpQ RW|PR|Pe,https://itp.ne.jp/info/132560944100000899,[,s,2023N1001 02:59:08
˖ꂠԂ瑁cX,0362789980,sVh摁c UX|S,https://itp.ne.jp/info/132565606101461820,[,s,2023N1001 02:59:08
nq\,0368117992,sc_c_ےP R|PW,https://itp.ne.jp/info/132681643182680960,[,s,2023N1001 02:59:08
܂⃉[qX,0426540701,sqs PTUW|T,https://itp.ne.jp/info/132791668100000899,[,s,2023N1001 02:59:09
SːcJX,0334201273,scJR PW|X|Pe,https://itp.ne.jp/info/132822392100000899,[,s,2023N1001 02:59:09
񂰐Hs^X,0426799601,sqsQ Q,https://itp.ne.jp/info/133083021136330850,[,s,2023N1001 02:59:09
叟,0333849234,s撆R RR|PR,https://itp.ne.jp/info/133210072100000899,[,s,2023N1001 02:59:09
Ζ˒,0364171680,scnP PT|Q|POR,https://itp.ne.jp/info/133295741186361060,[,s,2023N1001 02:59:09
CfBA,0357005237,scrU T|PP|POQ,https://itp.ne.jp/info/133315359031820660,[,s,2023N1001 02:59:10
Ê쑽[^^̕꒬X,0352732161,sVh̕꒬P QS|U,https://itp.ne.jp/info/133358466100000899,[,s,2023N1001 02:59:10
[VbvxؓX,0336041556,sx؂V R|P|Pe,https://itp.ne.jp/info/133376763100000899,[,s,2023N1001 02:59:10
ʃJV,0333504818,saJʃJT PT|W,https://itp.ne.jp/info/133513842100000899,[,s,2023N1001 02:59:10
s`l`ynt]WU,0426213186,sqs PQ|PQ,https://itp.ne.jp/info/133575149051681240,[,s,2023N1001 02:59:10
։ؒ,0338471355,s䓌󑐂P QT|PV,https://itp.ne.jp/info/133664952161460500,[,s,2023N1001 02:59:11
X^~X,0353785020,s捂~Q RT|PT,https://itp.ne.jp/info/133681576100000899,[,s,2023N1001 02:59:11
GcX,0424602060,sscQ P|P,https://itp.ne.jp/info/133927248100000899,[,s,2023N1001 02:59:11
܂⃉[^RX,0423940005,sRstR Q|S,https://itp.ne.jp/info/133949257100000899,[,s,2023N1001 02:59:20
񂰐Hs^OX,0364508725,scJOP RS|PP,https://itp.ne.jp/info/134093056122580180,[,s,2023N1001 02:59:20
[,0358781700,s]ː搼R PT|PP|Pe,https://itp.ne.jp/info/134151814165681740,[,s,2023N1001 02:59:20
i,0334621600,saJu RO|R,https://itp.ne.jp/info/134204413100000899,[,s,2023N1001 02:59:20
ZЎɂsnjxn\}`X,0358097368,snc扟P P|Q,https://itp.ne.jp/info/134281709132770700,[,s,2023N1001 02:59:21
񂰐Hs^哇X,0356286293,s]哇P RO|T,https://itp.ne.jp/info/134302724156941030,[,s,2023N1001 02:59:21
ǁE݂,0369043700,s拞R S|R,https://itp.ne.jp/info/134370001100541200,[,s,2023N1001 02:59:21
[y,0334729139,si擌P QP|X,https://itp.ne.jp/info/134679023100000899,[,s,2023N1001 02:59:21
񂰐HsԏX,0424600271,ssԏP W|S,https://itp.ne.jp/info/134750125174250680,[,s,2023N1001 02:59:22
܂⃉[X,0338490329,sT T|PT,https://itp.ne.jp/info/134753413143530910,[,s,2023N1001 02:59:22
Ă˂,0358752212,s]T˂U TX|PQ,https://itp.ne.jp/info/134874043117680740,[,s,2023N1001 02:59:22
[߂񒩓,0356795125,s]ː搼T U|PP,https://itp.ne.jp/info/134924307187930820,[,s,2023N1001 02:59:22
񂰐Hs^lcRX,0353164706,slcRR RS|QT,https://itp.ne.jp/info/135002555134351660,[,s,2023N1001 02:59:22
ꕗ^OX,0353555215,scJ揼Q SU|U,https://itp.ne.jp/info/135255276100000899,[,s,2023N1001 02:59:23
񂰐Hs^EX,0363835456,s㉬P PW|PQ,https://itp.ne.jp/info/135413505141681500,[,s,2023N1001 02:59:23
ЕR[|[VtH[ItBX,0354145750,s`RQ S|R,https://itp.ne.jp/info/135834333132761550,[,s,2023N1001 02:59:23
ጎ`,0333427060,sVh搼VhP Q|V,https://itp.ne.jp/info/135946642100000899,[,s,2023N1001 02:59:23
񂰐Hs^GRX,0353843021,scJGRU PV|W,https://itp.ne.jp/info/136050745150821950,[,s,2023N1001 02:59:23
,0353456585,s܂R S|PW,https://itp.ne.jp/info/136101126180971060,[,s,2023N1001 02:59:24
ی[{X,0423689500,s{s{T PQ|T,https://itp.ne.jp/info/136174445155561100,[,s,2023N1001 02:59:24
CfA,0339197070,skLR PS|PP,https://itp.ne.jp/info/136323695100000899,[,s,2023N1001 02:59:33
񂰐Hs^{͌X,0423668854,s{sВQ PW|QV,https://itp.ne.jp/info/136443347100000899,[,s,2023N1001 02:59:33
񂰐Hs^~uX,0334267381,scJ~uP RS|P,https://itp.ne.jp/info/136453853155881900,[,s,2023N1001 02:59:33
,0338878968,s搼R QQ|PR,https://itp.ne.jp/info/136511765100000899,[,s,2023N1001 02:59:34
Lq̉HÓX,0423955951,sRsvĐ쒬P RV|V,https://itp.ne.jp/info/136603714176820810,[,s,2023N1001 02:59:34
t@CgLq,0339176261,sL摃S QR|U,https://itp.ne.jp/info/136733495100000899,[,s,2023N1001 02:59:34
񂰐Hs^A_БOX,0368055410,scJтR PW|T,https://itp.ne.jp/info/136864911113781150,[,s,2023N1001 02:59:35
ˍH[󑐐ˏ,0358249599,s䓌󑐂U X|S|Pe,https://itp.ne.jp/info/136877917100000899,[,s,2023N1001 02:59:35
ꐡ,0338237990,s䓌JR PP|V,https://itp.ne.jp/info/137015616175230480,[,s,2023N1001 02:59:35
ی[n֒X,0359274051,sn֒kT V|T,https://itp.ne.jp/info/137022849022040990,[,s,2023N1001 02:59:35
ДqGVBt@,0426232111,sqs U|V,https://itp.ne.jp/info/137075858100000899,[,s,2023N1001 02:59:35
H,0499621002,s䓇䒬O SSPX|PP,https://itp.ne.jp/info/137320155191540280,[,s,2023N1001 02:59:36
񂰐Hs^R,0363046925,s㍂˂P W|QX|Pe,https://itp.ne.jp/info/137435603130580310,[,s,2023N1001 02:59:36
܂⃉[^ےJVX,0422365582,ssVS Q,https://itp.ne.jp/info/137554338100000899,[,s,2023N1001 02:59:36
XYX,0363040420,sVh搼VhV T|T|POQ,https://itp.ne.jp/info/137593955155650700,[,s,2023N1001 02:59:36
R,0338981133,sɋQ T|PT,https://itp.ne.jp/info/137670939067031120,[,s,2023N1001 02:59:36
쑽[zX,0424871855,szszcS T|QP|Pe,https://itp.ne.jp/info/137855358100000899,[,s,2023N1001 02:59:37
ی[X,0423004051,ss㐅{Q W|R,https://itp.ne.jp/info/137902514123550060,[,s,2023N1001 02:59:37
SCX,0353806886,s]ÓcS T|P|POQ,https://itp.ne.jp/info/137911526125060310,[,s,2023N1001 02:59:37
叟,0334671479,saJ㌴R T|Q,https://itp.ne.jp/info/137943713100000899,[,s,2023N1001 02:59:37
܂⃉[FcX,0336888971,s]ːFc PPQT,https://itp.ne.jp/info/138233834100000899,[,s,2023N1001 02:59:47
񂰐HsX,0424975503,ssxmS PR|QQ,https://itp.ne.jp/info/138295933195880700,[,s,2023N1001 02:59:47
ÕmVhUړX,0333417980,sVhVhU S|P,https://itp.ne.jp/info/138340310188351270,[,s,2023N1001 02:59:47
B񂪂^Ht{X,0332514059,scO_cR PP|U,https://itp.ne.jp/info/138357002100000899,[,s,2023N1001 02:59:47
܂邫񃉁[tX,0338153944,s揬ΐP PP|PR,https://itp.ne.jp/info/138383225100000899,[,s,2023N1001 02:59:48
܂΂,0425128666,ssђP U|PR,https://itp.ne.jp/info/138444653136660320,[,s,2023N1001 02:59:48
cXX,0427240005,scs쐬T P|P,https://itp.ne.jp/info/138445587100000899,[,s,2023N1001 02:59:48
痢,0337840536,sitP PR|PP,https://itp.ne.jp/info/138587505100000899,[,s,2023N1001 02:59:48
썑,0335020577,s`ՃmP PU|U,https://itp.ne.jp/info/138640017114541050,[,s,2023N1001 02:59:48
ؖˉƂ܂܂,0356707680,sl؂P RO|R,https://itp.ne.jp/info/138683546110450110,[,s,2023N1001 02:59:49
񂰐Hs^GRX,0333073636,scJGRT PQ|V,https://itp.ne.jp/info/138732449039480480,[,s,2023N1001 02:59:49
m`f`g`l`[߂񐢓cJX,0333042393,scJkS RO|W,https://itp.ne.jp/info/138767322100000899,[,s,2023N1001 02:59:49
܂⃉[˓X,0336966158,s扜˂U T|S,https://itp.ne.jp/info/138988544100000899,[,s,2023N1001 02:59:49
񂰐Hs^㐅X,0363796001,s扺˂P QQ|T,https://itp.ne.jp/info/139141434169680780,[,s,2023N1001 02:59:49
΂,0357015138,sڍ掩RuP PQ|R,https://itp.ne.jp/info/139390111188351640,[,s,2023N1001 02:59:50
ی[X,0359223385,s捂P PR|U,https://itp.ne.jp/info/139500656169661840,[,s,2023N1001 02:59:50
ؐHTO,0425514362,ss Q|P|Se,https://itp.ne.jp/info/139666467100000899,[,s,2023N1001 02:59:50
񂰐HsVX,0333839038,s퐶Q QV|V,https://itp.ne.jp/info/139893962100000899,[,s,2023N1001 02:59:50
ԍ⃉[{X,0335867831,s`ԍR PR|T,https://itp.ne.jp/info/510000000000013850,[,s,2023N1001 02:59:50
񂰐Hs^zuX,0424447517,szszPuP PW|P,https://itp.ne.jp/info/520000023076040001,[,s,2023N1001 02:59:51
񂰐Hs^X,0363005586,saJ揉P RX|X,https://itp.ne.jp/info/520000065868100001,[,s,2023N1001 03:00:00
oː󑐋X,0358298335,s䓌󑐋P PU|T,https://itp.ne.jp/info/520000217869820001,[,s,2023N1001 03:00:00
[؎RJX,0362760909,saJ攦JQ PR|R,https://itp.ne.jp/info/520000221799090001,[,s,2023N1001 03:00:00
pƃAIVX,0338871888,s搼VhP QO|P|Pe,https://itp.ne.jp/info/520000222867880001,[,s,2023N1001 03:00:00
񂰐Hs^zX,0424268328,szsQ TP|X,https://itp.ne.jp/info/520000224771420001,[,s,2023N1001 03:00:01
@͉lX,0358568709,s掭lR PT|R,https://itp.ne.jp/info/520000239589050001,[,s,2023N1001 03:00:01
l[߂cX,0338603232,scƂQ PS|U|Pe,https://itp.ne.jp/info/520000249244020001,[,s,2023N1001 03:00:01
ꌳ,0423972318,sRs{Q R|QO|Pe|Q,https://itp.ne.jp/info/520000252709240001,[,s,2023N1001 03:00:01
cXۖ؊ԓX,0358096713,sۖ؊ԂR QP|PQ,https://itp.ne.jp/info/520000256556790001,[,s,2023N1001 03:00:02
炠߂ԌkQX,0364389861,saJʃJS QV|PR|Pe,https://itp.ne.jp/info/520000267871370001,[,s,2023N1001 03:00:02
[؎REX,0353359668,s㉬P T|X|Pe,https://itp.ne.jp/info/520000268620710001,[,s,2023N1001 03:00:02
쑽[nX,0335579521,snP T|S|Pe,https://itp.ne.jp/info/520000269887940001,[,s,2023N1001 03:00:02
@͉j[^EʂX,0424018039,ssc PPUS|P,https://itp.ne.jp/info/520000275223740001,[,s,2023N1001 03:00:02
{΂牮VhX,0353894027,sVh搼VhV PU|PO|Pe,https://itp.ne.jp/info/520000275928800001,[,s,2023N1001 03:00:02
ˏcX]kX,0338976779,s]kT S,https://itp.ne.jp/info/520000276569150001,[,s,2023N1001 03:00:03
ł[߂񖞌,0339005602,skԉHP RV|R|Pe,https://itp.ne.jp/info/520000291639530001,[,s,2023N1001 03:00:03
ȕ,0369099919,snuT P|P|Se,https://itp.ne.jp/info/520000309442370001,[,s,2023N1001 03:00:03
ؐHDxX,0356058102,s]ːDxR T|V|Pe,https://itp.ne.jp/info/520000311514560001,[,s,2023N1001 03:00:03
󑐏X,0358306553,s䓌󑐂P R|R|Pe,https://itp.ne.jp/info/520000321842700001,[,s,2023N1001 03:00:03
񂰐Hs^tHXg[qacX,0426492360,sqsacT V|PW,https://itp.ne.jp/info/520000356576080001,[,s,2023N1001 03:00:04
VVL,0355796377,s`P U|P|Pe,https://itp.ne.jp/info/520000382688880001,[,s,2023N1001 03:00:12
ˉ,0364238820,sc攋Q U|PU|Pe,https://itp.ne.jp/info/520000402987910001,[,s,2023N1001 03:00:13
[߂͂܂傤,0359827080,sVh撆R QS|PP|POX,https://itp.ne.jp/info/520000409738360001,[,s,2023N1001 03:00:13
ˏ,0333510288,sVhZg W|PO|POR,https://itp.ne.jp/info/520000425622910001,[,s,2023N1001 03:00:13
vrj[,0332208055,s扬ET QR|PQ,https://itp.ne.jp/info/520000475886940001,[,s,2023N1001 03:00:14
`etqh,0362790886,sVh搼VhQ U|P|aPe,https://itp.ne.jp/info/520000476805900001,[,s,2023N1001 03:00:14
cXltX,0369041560,sltQ T|PU,https://itp.ne.jp/info/520000478699230001,[,s,2023N1001 03:00:14
푠kX,0368900667,s䓌T PO|PS,https://itp.ne.jp/info/520000486041070001,[,s,2023N1001 03:00:14
pƁ^aJZ^[XX,0337807710,saJFc쒬 QP|V|Pe,https://itp.ne.jp/info/520000500467950001,[,s,2023N1001 03:00:14
pƐVX,0332895116,s`VQ PW|R|Pe,https://itp.ne.jp/info/520000500808540001,[,s,2023N1001 03:00:15
I炠߂{,0363032228,sڍڍQ V|PO|aPe,https://itp.ne.jp/info/520000540637260001,[,s,2023N1001 03:00:15
񂰐Hs^{X,0423109595,s{suP W|R,https://itp.ne.jp/info/520000543621220001,[,s,2023N1001 03:00:15
ˉJX,0364232237,sc攋Q PP|P|Pe|`,https://itp.ne.jp/info/520000545568280001,[,s,2023N1001 03:00:15
_gˎX,0422230065,ssgˎ{P W|P|Pe,https://itp.ne.jp/info/520000545812650001,[,s,2023N1001 03:00:15
pƐ_{X,0354113773,sVhu R|P,https://itp.ne.jp/info/520000546908880001,[,s,2023N1001 03:00:16
ی[X,0425133125,ss厚F USO|P,https://itp.ne.jp/info/520000550846820001,[,s,2023N1001 03:00:16
cXXX,0364171938,scRQ Q|V|Pe,https://itp.ne.jp/info/520000553517390001,[,s,2023N1001 03:00:16
cXj[VeBX,0364174186,siP U|T|T|Qe,https://itp.ne.jp/info/520000560725850001,[,s,2023N1001 03:00:16
[؎RqkX,0426495228,sqsk쒬 TQS|QR|Pe,https://itp.ne.jp/info/520000560970730001,[,s,2023N1001 03:00:16
˂,0339695021,s擌≺Q S|R|POU,https://itp.ne.jp/info/130183626179740980,[,s,2023N1001 03:00:16
t؉Ɩ{X,0120050708,sVQ T|QS,https://itp.ne.jp/info/130543959027751460,[,s,2023N1001 03:00:26
Ê쑽[^eb{ːH,0120610029,scXkQ PS|Q,https://itp.ne.jp/info/132233022100000899,[,s,2023N1001 03:00:26
Ê쑽[eb{ːH,0332986161,si擌Q PR|W,https://itp.ne.jp/info/133233022100000899,[,s,2023N1001 03:00:26
܂Ղ,0338994488,sJ݉ƂR PO|PP,https://itp.ne.jp/info/135097875100000899,[,s,2023N1001 03:00:26
D,0426237111,sqsO蒬 U|PP,https://itp.ne.jp/info/137639858100000899,[,s,2023N1001 03:00:27
,0336460651,s]擌W R|X,https://itp.ne.jp/info/138148104100000899,[,s,2023N1001 03:00:27
LЊy,0339693521,s{{ UU|V,https://itp.ne.jp/info/138420736100000899,[,s,2023N1001 03:00:27
[E؉_cX,0362060324,scb蒬Q PR|V|Pe,https://itp.ne.jp/info/520000222965520001,[,s,2023N1001 03:00:28
񃉁[Ggc,0334756337,s`RQ RS|RO,https://itp.ne.jp/info/004793223100000899,[,s,2023N1001 03:00:28
,0428245000,s~s㒬R QR,https://itp.ne.jp/info/130009578100000899,[,s,2023N1001 03:00:28
Z{؞OVhX,0333437031,sVh搼VhP T|P,https://itp.ne.jp/info/130010034123131590,[,s,2023N1001 03:00:28
Вv^RX,0334751933,s`RP P|P,https://itp.ne.jp/info/130011744126031140,[,s,2023N1001 03:00:28
LЗؐ,0425230079,ssђP PQ|PR|POP,https://itp.ne.jp/info/130011749041830550,[,s,2023N1001 03:00:29
߂߂E߂,0332211852,sc搼_cQ P|P,https://itp.ne.jp/info/130020043196741630,[,s,2023N1001 03:00:29
񕠃[,0338437220,s䓌搼󑐂R PU|X,https://itp.ne.jp/info/130024111196181350,[,s,2023N1001 03:00:29
؂ΐt{X,0423606848,s{s{P R|W,https://itp.ne.jp/info/130024244104351250,[,s,2023N1001 03:00:29
Kyz[YX,0368085116,s]ː擌X R|U|Pe,https://itp.ne.jp/info/130024347160780020,[,s,2023N1001 03:00:29
,0423810266,ssS QO|R,https://itp.ne.jp/info/130024847100000899,[,s,2023N1001 03:00:29
,0424673187,sscQ PR|PP,https://itp.ne.jp/info/130025129020271060,[,s,2023N1001 03:00:30
Kyq茴X,0426203077,sqs茴 TVO|P,https://itp.ne.jp/info/130032921127231620,[,s,2023N1001 03:00:30
[߂񂹂ƐԉHX,0335981868,skԉHQ S|PP,https://itp.ne.jp/info/130041502196450240,[,s,2023N1001 03:00:39
؊,0336235818,snc{R PU|T,https://itp.ne.jp/info/130054583100000899,[,s,2023N1001 03:00:39
E[,0336560305,s]ː搼V]R PR|R,https://itp.ne.jp/info/130055114100000899,[,s,2023N1001 03:00:39
z̃g}gˏLHX,0358177168,s擒R RX|P,https://itp.ne.jp/info/130070900177371810,[,s,2023N1001 03:00:39
鉮,0425641955,sasޗǋR TSW|S,https://itp.ne.jp/info/130073277100000899,[,s,2023N1001 03:00:40
gBlcX,0427239663,scscU PS|S,https://itp.ne.jp/info/130075951188531250,[,s,2023N1001 03:00:40
݂݂,0339388001,s捂U P|T,https://itp.ne.jp/info/130083717165260580,[,s,2023N1001 03:00:40
B[VhX,0332052985,sVh̕꒬Q W|R|POP,https://itp.ne.jp/info/130085143182250960,[,s,2023N1001 03:00:41
,0425275583,sshP W|U,https://itp.ne.jp/info/130085757100000899,[,s,2023N1001 03:00:41
ؐH䪉גJX,0339455257,s揬ΐT S|T,https://itp.ne.jp/info/130090401139060820,[,s,2023N1001 03:00:41
]ˈ,0354795477,si擌T R|X,https://itp.ne.jp/info/130092986100000899,[,s,2023N1001 03:00:41
nbX[z}X,0336785988,s]ːJ͓Q PO|T,https://itp.ne.jp/info/130095324138431940,[,s,2023N1001 03:00:41
񂯂,0336938808,s旧΂P PS|S|POP,https://itp.ne.jp/info/130095344100000899,[,s,2023N1001 03:00:42
ؐH^VhX,0353608081,sVhVhR RS|PU|POQ,https://itp.ne.jp/info/130097276100000899,[,s,2023N1001 03:00:42
KyɐlX,0358395371,sɐlT QP,https://itp.ne.jp/info/130100149066341260,[,s,2023N1001 03:00:42
,0337184897,sڍ掩RuP PQ|T,https://itp.ne.jp/info/130118164100000899,[,s,2023N1001 03:00:42
[,0339858945,sLr܂P W|S,https://itp.ne.jp/info/130122846100000899,[,s,2023N1001 03:00:42
ˉ,0333146186,s捂~P U|PP|POT,https://itp.ne.jp/info/130124903170450370,[,s,2023N1001 03:00:42
ˉ,0356316088,snc拞P QS|U,https://itp.ne.jp/info/130131943144071890,[,s,2023N1001 03:00:43
܏\,0332003510,sVh̕꒬P PT|P,https://itp.ne.jp/info/130137481100000899,[,s,2023N1001 03:00:43
ˑm,0422410455,ssgˎ쒬P PP|Q,https://itp.ne.jp/info/130140123184040890,[,s,2023N1001 03:00:52
{Ƒ单{ܕX,0336104287,s]ː敽T RO|S,https://itp.ne.jp/info/130143328196250430,[,s,2023N1001 03:00:52
쑽,0364118995,scJ쑽W PT|RQ,https://itp.ne.jp/info/130143529058570300,[,s,2023N1001 03:00:52
l[߂ZpqX,0426746504,sqsxVQ PQ|T|POQ,https://itp.ne.jp/info/130145134137351980,[,s,2023N1001 03:00:52
ˎ܂,0362228873,s攪xQ QW|X|Pe,https://itp.ne.jp/info/130145454161281410,[,s,2023N1001 03:00:53
,0336870050,s]ː撆Q X|QW,https://itp.ne.jp/info/130145634100000899,[,s,2023N1001 03:00:53
[߂ەx,0334476802,saJLT QQ|P,https://itp.ne.jp/info/130145803100000899,[,s,2023N1001 03:00:53
ˉČkX,0362772521,sVh搼VhV PX|X,https://itp.ne.jp/info/130150616137181490,[,s,2023N1001 03:00:53
ˉюX,0362402440,snc]S RO|PT,https://itp.ne.jp/info/130151056148080720,[,s,2023N1001 03:00:54
ˉHtm,0358224634,sc_cvԒQ PW|T,https://itp.ne.jp/info/130154035176461690,[,s,2023N1001 03:00:54
ؐHwOX,0425271566,ssč蒬R P|R,https://itp.ne.jp/info/130160633139071760,[,s,2023N1001 03:00:54
[YVhX,0332051726,sVh̕꒬Q RV|T,https://itp.ne.jp/info/130169781100000899,[,s,2023N1001 03:00:54
S[߂,0332268768,sVhrؒ X|QS,https://itp.ne.jp/info/130171491100000899,[,s,2023N1001 03:00:54
[t,0362055099,sVhnꉺ U,https://itp.ne.jp/info/130182155151271990,[,s,2023N1001 03:00:54
_Չ,0354601139,si擌T S|PR,https://itp.ne.jp/info/130184616194150080,[,s,2023N1001 03:00:55
݊,0337926371,sڍSVP PU|T,https://itp.ne.jp/info/130190015100000899,[,s,2023N1001 03:00:55
cj[^^{,0337372992,sc抗cT QW|Q,https://itp.ne.jp/info/130191356186731220,[,s,2023N1001 03:00:55
^,0364163778,saJ擹Q PO|R,https://itp.ne.jp/info/130191929036951780,[,s,2023N1001 03:00:55
[HȈꐶ,0338378117,s䓌䓌P QV|Q,https://itp.ne.jp/info/130192151156341290,[,s,2023N1001 03:00:55
ˏƂ,0359165002,s@ QQ|U,https://itp.ne.jp/info/130194904192960950,[,s,2023N1001 03:00:56
,0425538709,sscP V|PO,https://itp.ne.jp/info/130200667100000899,[,s,2023N1001 03:01:04
[X,0424957551,ss~Q V|Q,https://itp.ne.jp/info/130201755116930950,[,s,2023N1001 03:01:05
OK,0336418791,s]扲OR V|U,https://itp.ne.jp/info/130201893100000899,[,s,2023N1001 03:01:05
u䂻ΓX,0334216455,scJQ RR|T,https://itp.ne.jp/info/130237492100000899,[,s,2023N1001 03:01:05
C[,0423611761,s{sQ PX|QQ,https://itp.ne.jp/info/130239937100000899,[,s,2023N1001 03:01:06
V,0354308282,scJ摾qQ U|Q|POQ,https://itp.ne.jp/info/130243207145141200,[,s,2023N1001 03:01:06
H,0426234410,sqsRR QR|PU,https://itp.ne.jp/info/130247858100000899,[,s,2023N1001 03:01:06
߂V,0425233260,ssč蒬R S|W,https://itp.ne.jp/info/130263104146060680,[,s,2023N1001 03:01:06
[Kbc,0339267315,sn撆kP PP|P|POP,https://itp.ne.jp/info/130264306100000899,[,s,2023N1001 03:01:06
F,0335806260,scLyP Q|X,https://itp.ne.jp/info/130267753100000899,[,s,2023N1001 03:01:07
~,0426226736,sqs剡 V|Q,https://itp.ne.jp/info/130281858100000899,[,s,2023N1001 03:01:07
Xΐ_X,0339284661,snΐ_P PR|Q,https://itp.ne.jp/info/130283824149170320,[,s,2023N1001 03:01:07
낤,0422417101,sOsAS PU|SV,https://itp.ne.jp/info/130284803168330050,[,s,2023N1001 03:01:07
ƌoX,0334289888,scJoP T|PO,https://itp.ne.jp/info/130293828171871350,[,s,2023N1001 03:01:07
sȂ,0367181733,s``P X|RU|POQ,https://itp.ne.jp/info/130294226109431330,[,s,2023N1001 03:01:07
z[vEX,0333924324,sVR QX|PQ,https://itp.ne.jp/info/130300024122750970,[,s,2023N1001 03:01:08
,0338408111,s~cV RS|PR,https://itp.ne.jp/info/130300435100000899,[,s,2023N1001 03:01:08
sJ,0336918663,s擌VV RP|PT,https://itp.ne.jp/info/130304706116821210,[,s,2023N1001 03:01:08
܂邫񃉁[؏X,0336426956,s]؏Q W|V|POR,https://itp.ne.jp/info/130324635155130790,[,s,2023N1001 03:01:08
h[VeBX,0338183301,syP R|UP,https://itp.ne.jp/info/130332244164460120,[,s,2023N1001 03:01:08
LЃ^u`,0333374186,s捂~R UV|P,https://itp.ne.jp/info/130333342100000899,[,s,2023N1001 03:01:17
ؓp[߂,0339710584,sLGiJR Q|U,https://itp.ne.jp/info/130344421152141210,[,s,2023N1001 03:01:17
,0423416630,ss̑ RS|R,https://itp.ne.jp/info/130345637100000899,[,s,2023N1001 03:01:18
[߂R,0338549155,s搼|̒˂Q R|PO,https://itp.ne.jp/info/130365345100000899,[,s,2023N1001 03:01:18
[S,0339080975,sk\𒇌P P|Q,https://itp.ne.jp/info/130372324143961600,[,s,2023N1001 03:01:18
单ƓzX,0356325959,s]擌zR QV|QT|POR,https://itp.ne.jp/info/130374118155970270,[,s,2023N1001 03:01:19
牮,0332376727,sc_cO蒬Q PP|PP,https://itp.ne.jp/info/130381515149170270,[,s,2023N1001 03:01:19
Ê쑽[^{蒬X,0336664037,s{蒬 PV|W,https://itp.ne.jp/info/130389814100000899,[,s,2023N1001 03:01:19
炠߂pEap,0337707671,saJ擹Q S|T,https://itp.ne.jp/info/130405211128550130,[,s,2023N1001 03:01:19
O,0336530924,s]ː{FQ P|PR,https://itp.ne.jp/info/130407804100000899,[,s,2023N1001 03:01:19
,0339371908,snkR PV|PS,https://itp.ne.jp/info/130435216100000899,[,s,2023N1001 03:01:20
xm[,0423928008,sRsHÒR PV|Q,https://itp.ne.jp/info/130435513119041670,[,s,2023N1001 03:01:20
gq],0332070508,sVhˎRP Q|S,https://itp.ne.jp/info/130435881100000899,[,s,2023N1001 03:01:20
ˉB,0368030634,s䓌U PP|PT,https://itp.ne.jp/info/130440723197360200,[,s,2023N1001 03:01:20
F{bR,0338491871,s{؂Q S|PU,https://itp.ne.jp/info/130445005190061840,[,s,2023N1001 03:01:20
N,0339502425,s揼uQ RQ|PW|POQ,https://itp.ne.jp/info/130449026100000899,[,s,2023N1001 03:01:21
Q_,0359541888,sLr܂R W|R|POQ,https://itp.ne.jp/info/130450534169360360,[,s,2023N1001 03:01:21
R叟,0425649988,sRsQ PQW|Q,https://itp.ne.jp/info/130463946118741080,[,s,2023N1001 03:01:21
ጬkX,0363046797,scJkS PU|PO,https://itp.ne.jp/info/130464456187470200,[,s,2023N1001 03:01:21
lƌn[ΐ_䏤X,0359239116,snΐ_䒬R QV|P,https://itp.ne.jp/info/130471828037871670,[,s,2023N1001 03:01:21
ѓX,0337740513,siP TT|T|POP,https://itp.ne.jp/info/130477894100000899,[,s,2023N1001 03:01:30
VirܓX,0359514888,sL搼r܂P RS|S,https://itp.ne.jp/info/130483840146331200,[,s,2023N1001 03:01:30
B,0333523337,sVhVhR RP|T|WOQ,https://itp.ne.jp/info/130487942100000899,[,s,2023N1001 03:01:30
ˉ悵,0335273392,s]ZgQ QS|U|POP,https://itp.ne.jp/info/130492850179681470,[,s,2023N1001 03:01:30
[߂EV_,0338340348,s䓌䓌Q S|S,https://itp.ne.jp/info/130495116134581810,[,s,2023N1001 03:01:31
叟˓X,0425965058,ssɓ WXP|X,https://itp.ne.jp/info/130495287100000899,[,s,2023N1001 03:01:31
ؑa,0426782011,sqs PT|PO,https://itp.ne.jp/info/130495825140661380,[,s,2023N1001 03:01:31
Ƃƃze,0425195529,ssQ P|QP,https://itp.ne.jp/info/130504130140050780,[,s,2023N1001 03:01:32
Ny,0333227859,scJԒS SW|U,https://itp.ne.jp/info/130514432100000899,[,s,2023N1001 03:01:32
oTmo,0333274649,scJH؂P S|PW,https://itp.ne.jp/info/130525327167130870,[,s,2023N1001 03:01:32
O,0338063039,sr搼闢Q QO|P|POQ,https://itp.ne.jp/info/130526615100000899,[,s,2023N1001 03:01:32
Ђӂݒ,0334877466,sڍ擌uP PU|PX|POP,https://itp.ne.jp/info/130531823100000899,[,s,2023N1001 03:01:32
Va,0337463312,s`Z{؂R PR|W,https://itp.ne.jp/info/130543245128541940,[,s,2023N1001 03:01:33
uނΓcȂ,0339880118,sL擌r܂Q PX|Q|POQ,https://itp.ne.jp/info/130553046174071820,[,s,2023N1001 03:01:33
؂΂ԂiDj,0362314377,sVQ RX|S|POQ,https://itp.ne.jp/info/130561356108471880,[,s,2023N1001 03:01:33
kX,0423269056,ss{Q PO|P,https://itp.ne.jp/info/130565653143260040,[,s,2023N1001 03:01:33
ؐHn򒬐X,0336692455,s{n򒬂P T|PO,https://itp.ne.jp/info/130571207198071610,[,s,2023N1001 03:01:33
̐A叟aq`mbghmf,0353571064,sc_c_ےR PO|Pe,https://itp.ne.jp/info/130573800188581090,[,s,2023N1001 03:01:33
`VX,0339770738,s捂V P|P,https://itp.ne.jp/info/130574345152531060,[,s,2023N1001 03:01:34
k,0425607798,sRs݂P QR|PO,https://itp.ne.jp/info/130583077100000899,[,s,2023N1001 03:01:34
ؐHuX,0356804884,s˂R RV|Q,https://itp.ne.jp/info/130600100119150480,[,s,2023N1001 03:01:43
݊yѓX,0332912552,sc_c쒬R T|P,https://itp.ne.jp/info/130604712100000899,[,s,2023N1001 03:01:43
aC,0338341753,s䓌擌P QO|W,https://itp.ne.jp/info/130610500119150630,[,s,2023N1001 03:01:43
ˉt,0355420440,s攪xR X|T,https://itp.ne.jp/info/130612019164081240,[,s,2023N1001 03:01:43
,0336128349,s]ː敽T RQ|PP,https://itp.ne.jp/info/130620773100000899,[,s,2023N1001 03:01:44
ؐHܔcPړX,0334913631,si搼ܔcP QU|Q,https://itp.ne.jp/info/130631743121761070,[,s,2023N1001 03:01:44
܏\,0426428964,sqsR T|U,https://itp.ne.jp/info/130633368100000899,[,s,2023N1001 03:01:44
؂΂{,0425415004,ss_P QR|PS,https://itp.ne.jp/info/130642400150531210,[,s,2023N1001 03:01:44
[cXX,0427243221,scsXU RUV|P,https://itp.ne.jp/info/130643700139231000,[,s,2023N1001 03:01:45
,0424893341,szsR RS|PU,https://itp.ne.jp/info/130650626142530600,[,s,2023N1001 03:01:45
Ȃ,0337028111,scJ擙X͂S PR|QQ,https://itp.ne.jp/info/130652450127151350,[,s,2023N1001 03:01:45
V,0364543437,sk\Q W|PO|Pe,https://itp.ne.jp/info/130653026108881820,[,s,2023N1001 03:01:45
qX,0426263781,sqsqS V|P,https://itp.ne.jp/info/130653424174261620,[,s,2023N1001 03:01:45
[@͉V]X,0358793578,s]ːV]Q P,https://itp.ne.jp/info/130655355141371690,[,s,2023N1001 03:01:46
ؐHX,0359073831,sLQ PT|V,https://itp.ne.jp/info/130661846191351470,[,s,2023N1001 03:01:46
JJ[,0338707826,sZQ UQ,https://itp.ne.jp/info/130662255100000899,[,s,2023N1001 03:01:46
㊒,0336314612,snc]S PS|S,https://itp.ne.jp/info/130667093100000899,[,s,2023N1001 03:01:46
[VbvC,0423394948,ssR PP|Q|T|b,https://itp.ne.jp/info/130678537100000899,[,s,2023N1001 03:01:46
Α{XVh{X,0353201881,sVh搼VhP PU|PO,https://itp.ne.jp/info/130682559001860290,[,s,2023N1001 03:01:47
΂񂩂HtX,0362069299,scO_cS S|V,https://itp.ne.jp/info/130705715119950280,[,s,2023N1001 03:01:47
ؐHܔX,0356814462,s摫R RS|T,https://itp.ne.jp/info/130714825146150640,[,s,2023N1001 03:01:56
ˋcVX,0355409711,sVP RP|S|Pe,https://itp.ne.jp/info/130722725170451530,[,s,2023N1001 03:01:56
ؐHԍcؒʓX,0335885610,s`ԍR PT|V,https://itp.ne.jp/info/130741721176180570,[,s,2023N1001 03:01:56
Ԃ,0427289295,scscU QX|S,https://itp.ne.jp/info/130741803150830650,[,s,2023N1001 03:01:56
炠߂ԌX,0425896868,ssP QX|Q,https://itp.ne.jp/info/130744404170170980,[,s,2023N1001 03:01:57
O,0333986582,s扬ET QX|QO,https://itp.ne.jp/info/130744972100000899,[,s,2023N1001 03:01:57
Ԃ񂷂,0338424147,s䓌Ԑ˂Q PT|U,https://itp.ne.jp/info/130751244151551980,[,s,2023N1001 03:01:57
ؐHcX,0357444781,sc抗cT PW|U,https://itp.ne.jp/info/130761840112031370,[,s,2023N1001 03:01:57
[G,0424990227,szseQ RP|RU,https://itp.ne.jp/info/130762006167681810,[,s,2023N1001 03:01:58
hy,0337131076,sڍܖ{؂Q QP|P,https://itp.ne.jp/info/130764754100000899,[,s,2023N1001 03:01:58
ǂVhX,0363021814,sVh̕꒬Q RX|R,https://itp.ne.jp/info/130765854159471220,[,s,2023N1001 03:01:58
唪,0334109141,scJR PW|Q,https://itp.ne.jp/info/130770782100000899,[,s,2023N1001 03:01:58
񐼓c,0339356791,s捂P RO|PO|POR,https://itp.ne.jp/info/130782116100000899,[,s,2023N1001 03:01:58
ˑ剤,0337360010,sc抗cT PX|PV,https://itp.ne.jp/info/130791145153580630,[,s,2023N1001 03:01:59
i叟,0333215048,saR T|R,https://itp.ne.jp/info/130810519073680730,[,s,2023N1001 03:01:59
,0425221186,ssč蒬R R|R,https://itp.ne.jp/info/130810557100000899,[,s,2023N1001 03:01:59
\,0333933545,s㉬P S|PO,https://itp.ne.jp/info/130813672100000899,[,s,2023N1001 03:01:59
ʗ,0335719002,s`VQ QO|PT,https://itp.ne.jp/info/130814453100000899,[,s,2023N1001 03:01:59
Ky,0337015198,scJтP PS|PO,https://itp.ne.jp/info/130818944100000899,[,s,2023N1001 03:01:59
ꗖaJ_PړX,0334633667,saJ_P QQ|V,https://itp.ne.jp/info/130821751155431720,[,s,2023N1001 03:02:00
[bW,0336293333,s戻V QR|W,https://itp.ne.jp/info/130821983100000899,[,s,2023N1001 03:02:09
[VbvՂĂׂ,0339351219,s؂P W|QP,https://itp.ne.jp/info/130828016100000899,[,s,2023N1001 03:02:09
ؐHEkX,0333928590,s㉬P W|W,https://itp.ne.jp/info/130832403190640730,[,s,2023N1001 03:02:09
p_,0355776366,sc_c쒬R Q,https://itp.ne.jp/info/130841813152261980,[,s,2023N1001 03:02:09
X,0423460722,ss QUX|Q,https://itp.ne.jp/info/130843655115170390,[,s,2023N1001 03:02:10
ڂV؃nEX,0425500081,ssHP PS|U,https://itp.ne.jp/info/130850467100000899,[,s,2023N1001 03:02:10
ʓgˎ,0422237008,ssgˎ{P PO|S,https://itp.ne.jp/info/130854136165141070,[,s,2023N1001 03:02:10
X匴X,0335587377,s匴 RP|Q,https://itp.ne.jp/info/130855633137531780,[,s,2023N1001 03:02:10
Ă[˂͂X,0368032790,s䓌S P|T,https://itp.ne.jp/info/130871053109381740,[,s,2023N1001 03:02:10
ڂc{dFX,0335279373,s攪dFP S|U,https://itp.ne.jp/info/130871420173171550,[,s,2023N1001 03:02:11
,0358174328,s䓌䓌S PP|Q,https://itp.ne.jp/info/130872324138471090,[,s,2023N1001 03:02:11
Y^rܓX,0339827549,sLr܂Q T|P|Pe,https://itp.ne.jp/info/130873646100000899,[,s,2023N1001 03:02:11
Е^OX,0353969439,sL擌r܂P PV|PP,https://itp.ne.jp/info/130877976100000899,[,s,2023N1001 03:02:11
ˍłJcVJ,0336092188,s擌P PU|Q|POQ,https://itp.ne.jp/info/130905039053660020,[,s,2023N1001 03:02:11
LЈ_,0335836051,s`ԍR V|X,https://itp.ne.jp/info/130913953100000899,[,s,2023N1001 03:02:12
FDy[,0338734037,s䓌擌󑐂Q QS|PP,https://itp.ne.jp/info/130931346173481960,[,s,2023N1001 03:02:12
ؐH^_cX,0332516015,sc_cR V|U,https://itp.ne.jp/info/130931941190641370,[,s,2023N1001 03:02:12
{X,0427287891,scsW Q|Q,https://itp.ne.jp/info/130932206140171890,[,s,2023N1001 03:02:12
SX˂ق,0333884265,s撆T TQ|P,https://itp.ne.jp/info/130933810179081060,[,s,2023N1001 03:02:12
XiX,0356770677,s]VR S|RP,https://itp.ne.jp/info/130935054159350680,[,s,2023N1001 03:02:13
т,0426372556,sqsБq QRSW,https://itp.ne.jp/info/130955268100000899,[,s,2023N1001 03:02:22
G,0339827656,sLr܂P PV|P,https://itp.ne.jp/info/130983646100000899,[,s,2023N1001 03:02:22
ˉR,0364261312,si撆T V|T,https://itp.ne.jp/info/130984314184270150,[,s,2023N1001 03:02:22
؊كVN[h,0337599571,scL̖؂R PP|R,https://itp.ne.jp/info/130994984100000899,[,s,2023N1001 03:02:22
[߂񂱂ˉ,0423249767,ssQ PV|PP|POP,https://itp.ne.jp/info/131002337100000899,[,s,2023N1001 03:02:23
,0336728569,s]ː쏬S Q|V,https://itp.ne.jp/info/131019324100000899,[,s,2023N1001 03:02:23
䗬SX˒|qV_X,0338316862,s擒R RW|PP,https://itp.ne.jp/info/131023255134670150,[,s,2023N1001 03:02:23
񃉁[,0338601739,sZR P|PU|POV,https://itp.ne.jp/info/131027645100000899,[,s,2023N1001 03:02:23
؉,0427724685,scsR RSXP|S,https://itp.ne.jp/info/131031408100000899,[,s,2023N1001 03:02:24
[,0334186938,scJQ P|Q,https://itp.ne.jp/info/131041929033251600,[,s,2023N1001 03:02:24
j`ltjtq`cmmfAgbX,0364503748,saJbP T|T,https://itp.ne.jp/info/131063339010761820,[,s,2023N1001 03:02:24
a,0338999201,s搼VS RP|PT,https://itp.ne.jp/info/131073975100000899,[,s,2023N1001 03:02:24
̓V{͌X,0423701671,s{sВQ QO|PR,https://itp.ne.jp/info/131075120120470470,[,s,2023N1001 03:02:24
kC[߂ЂނT˓X,0358753722,s]T˂U TW|PT,https://itp.ne.jp/info/131082445185861640,[,s,2023N1001 03:02:25
גX,0338446625,s䓌擌T P|R,https://itp.ne.jp/info/131090946175670610,[,s,2023N1001 03:02:25
ؐHwOX,0354771366,scJ捋P SS|P,https://itp.ne.jp/info/131092555181181510,[,s,2023N1001 03:02:25
[߂,0352135039,scikP S|S,https://itp.ne.jp/info/131092901198661800,[,s,2023N1001 03:02:25
ctJ呠X,0337498242,scJmU RV|T|POP,https://itp.ne.jp/info/131103830194370510,[,s,2023N1001 03:02:25
Ԃ̂,0332014775,scۂ̓Q S|P,https://itp.ne.jp/info/131112615147130110,[,s,2023N1001 03:02:26
y,0426640528,sqsؒ RX|QW,https://itp.ne.jp/info/131125868100000899,[,s,2023N1001 03:02:26
ΓX,0425570102,sS䒬厚P QTW|QQ,https://itp.ne.jp/info/131128767100000899,[,s,2023N1001 03:02:35
Ȃׂ,0423970823,sRsHÒT PQ|P,https://itp.ne.jp/info/131134457100000899,[,s,2023N1001 03:02:35
ˊy,0428213731,s~s㒬Q R|W|POR,https://itp.ne.jp/info/131135011107920010,[,s,2023N1001 03:02:35
ނ,0338511065,s䓌撹zP PP|PO,https://itp.ne.jp/info/131138045100000899,[,s,2023N1001 03:02:36
ǂqV؏X,0335221429,s]V؏P U|P,https://itp.ne.jp/info/131144733100000899,[,s,2023N1001 03:02:36
[߂ÎΓ{X,0332819181,s{R V|PR,https://itp.ne.jp/info/131147512100000899,[,s,2023N1001 03:02:36
LЏh,0336091616,s捂T RV|V,https://itp.ne.jp/info/131151373100000899,[,s,2023N1001 03:02:37
ǂ,0336970989,s擌΂R PV|PQ,https://itp.ne.jp/info/131153644100000899,[,s,2023N1001 03:02:37
Ɖ˓X,0333278880,scJԒS SW|P,https://itp.ne.jp/info/131155040101870430,[,s,2023N1001 03:02:37
,0422492262,sOsVU PU|T,https://itp.ne.jp/info/131160738100000899,[,s,2023N1001 03:02:37
|̏,0449889070,scsO֒ PUT|Q,https://itp.ne.jp/info/131161441173671900,[,s,2023N1001 03:02:37
rna`},0332085002,sVh˒˒P POP,https://itp.ne.jp/info/131164355112270020,[,s,2023N1001 03:02:37
[Vbv܂悵,0425311523,sRsS V|QU,https://itp.ne.jp/info/131171101198241080,[,s,2023N1001 03:02:38
炟߂RƎ,0363831773,s捂~T QP|V,https://itp.ne.jp/info/131171328113480600,[,s,2023N1001 03:02:38
䑠,0337428380,scHcS S|U|POP,https://itp.ne.jp/info/131174135122151470,[,s,2023N1001 03:02:38
T˓X,0336383436,s]T˂T QX|QO|POP,https://itp.ne.jp/info/131174593100000899,[,s,2023N1001 03:02:38
΂񂩂痧kX,0425958707,ssQ Q|QQ,https://itp.ne.jp/info/131182126119280180,[,s,2023N1001 03:02:38
Â܂,0333680488,sVhkVhS Q|P,https://itp.ne.jp/info/131184852100000899,[,s,2023N1001 03:02:39
y,0335417686,sQ PO|PP|Pe,https://itp.ne.jp/info/131195243100000899,[,s,2023N1001 03:02:39
S˒cX,0428508227,scscU QP|T|POQ,https://itp.ne.jp/info/131200322118781150,[,s,2023N1001 03:02:39
Е^X,0359686155,s搬Q PW|V,https://itp.ne.jp/info/131200527100000899,[,s,2023N1001 03:02:49
`etqhO,0334143800,scJOQ PQ|PP,https://itp.ne.jp/info/131202217188371920,[,s,2023N1001 03:02:49
T`ʂX,0339651602,s≺Q RO|PV,https://itp.ne.jp/info/131204506158930770,[,s,2023N1001 03:02:49
i,0358115182,sr搼闢Q QQ|P,https://itp.ne.jp/info/131211715163850910,[,s,2023N1001 03:02:49
ԂԂgˎkX,0422280015,ssgˎ{P V|P,https://itp.ne.jp/info/131212039000860970,[,s,2023N1001 03:02:50
[߂Ԍ烖X,0428840323,s~s烖S RPR|U,https://itp.ne.jp/info/131221318035881360,[,s,2023N1001 03:02:50
炠߂Ԍ쉎XX,0423732770,ssac QOOO|PU,https://itp.ne.jp/info/131231156123550720,[,s,2023N1001 03:02:50
炢,0354983927,si揬RS S|PV,https://itp.ne.jp/info/131235334104780870,[,s,2023N1001 03:02:50
ۈ,0334138805,scJT RQ|V,https://itp.ne.jp/info/131251939079251610,[,s,2023N1001 03:02:50
,0336374839,s]哇W QQ|U,https://itp.ne.jp/info/131258493100000899,[,s,2023N1001 03:02:51
ؔѓX,0332918488,sc_c_ےP SO,https://itp.ne.jp/info/131268712100000899,[,s,2023N1001 03:02:51
xW|^˂,0339856405,sLr܂Q SW|Q,https://itp.ne.jp/info/131270613143071660,[,s,2023N1001 03:02:51
LBs˓X,0339874181,sL˂R TQ|W,https://itp.ne.jp/info/131271646103230200,[,s,2023N1001 03:02:51
Y̕꒬X,0332098795,sVh̕꒬Q RV|T|`,https://itp.ne.jp/info/131282091100000899,[,s,2023N1001 03:02:51
[,0337284287,sck瑩R QX|PP,https://itp.ne.jp/info/131283317171250260,[,s,2023N1001 03:02:52
RX,0425616633,sRsP PQW|Q,https://itp.ne.jp/info/131284100180170360,[,s,2023N1001 03:02:52
ؗ}^ߋxX,0337372180,sc抗cT V|S,https://itp.ne.jp/info/131290574100000899,[,s,2023N1001 03:02:52
S[,0423672524,s{sR PQ,https://itp.ne.jp/info/131293207125920700,[,s,2023N1001 03:02:52
˂⎵,0355669355,s攪xQ PR|Q|Pe,https://itp.ne.jp/info/131294251135871340,[,s,2023N1001 03:02:52
ˉƑ叟,0335353751,sQ P,https://itp.ne.jp/info/131297043100000899,[,s,2023N1001 03:02:53
P,0337793317,si搼ܔcU QS|PQ,https://itp.ne.jp/info/131299105100000899,[,s,2023N1001 03:03:02
炭,0339147214,sk扤qQ QW|X,https://itp.ne.jp/info/131309195100000899,[,s,2023N1001 03:03:02
ؐHEEX,0333925095,s扬ET RO|V,https://itp.ne.jp/info/131314046193651780,[,s,2023N1001 03:03:02
sV,0333576820,sVhrؒ PO|PS|`,https://itp.ne.jp/info/131322924122641810,[,s,2023N1001 03:03:03
s,0356123385,s]ː쏬V QU|PO,https://itp.ne.jp/info/131323044106931250,[,s,2023N1001 03:03:03
}V[,0336533946,s]ːV]W PV|R,https://itp.ne.jp/info/131330904100000899,[,s,2023N1001 03:03:03
R胉[,0354537290,saJxJQ QP|PR,https://itp.ne.jp/info/131332586100000899,[,s,2023N1001 03:03:04
炠߂Ԍ^EX,0425461102,ssc TUQ|P,https://itp.ne.jp/info/131351041166751380,[,s,2023N1001 03:03:04
ˍ,0423392630,ss֌˂P PO|PO,https://itp.ne.jp/info/131371900140470730,[,s,2023N1001 03:03:04
Е^nX,0359996987,snLʖkT PT|PT,https://itp.ne.jp/info/131371927100000899,[,s,2023N1001 03:03:04
\,0336194591,snc扟Q RP|P,https://itp.ne.jp/info/131378183100000899,[,s,2023N1001 03:03:04
l[ێqƑ˓X,0359400040,sL˂Q RU|P|P|POR,https://itp.ne.jp/info/131385604182861840,[,s,2023N1001 03:03:05
ږx,0339396367,s搬Q PV|Q,https://itp.ne.jp/info/131396416100000899,[,s,2023N1001 03:03:05
{,0336163812,snc擌U X|PO,https://itp.ne.jp/info/131400714110751490,[,s,2023N1001 03:03:05
炠߂,0426445529,sqsqP PP|PO,https://itp.ne.jp/info/131422450154060270,[,s,2023N1001 03:03:05
Ky]kX,0358380722,s]kU T|V,https://itp.ne.jp/info/131430807105271000,[,s,2023N1001 03:03:05
[RƏX,0425191620,ssaQ V|U|POP,https://itp.ne.jp/info/131434426118761540,[,s,2023N1001 03:03:06
[{,0333412955,sVhVhP RP|PT,https://itp.ne.jp/info/131438542100000899,[,s,2023N1001 03:03:06
炠߂ԌX,0425522538,ssu PT|R,https://itp.ne.jp/info/131443656133140200,[,s,2023N1001 03:03:06
΂,0336753300,s]ː擌U PT|Q,https://itp.ne.jp/info/131446524100000899,[,s,2023N1001 03:03:06
X,0337138811,sڍSVQ R|PR,https://itp.ne.jp/info/131452854100000899,[,s,2023N1001 03:03:16
C,0336223429,sncƕT X|S,https://itp.ne.jp/info/131459383100000899,[,s,2023N1001 03:03:16
K,0426510901,sqs QR|R,https://itp.ne.jp/info/131462568100000899,[,s,2023N1001 03:03:17
Ђ̂Ƃ蓌䒃mX,0362737188,sc_cx͑S T|Q,https://itp.ne.jp/info/131475749080171090,[,s,2023N1001 03:03:17
Kΐ_X,0339961710,sn扺ΐ_S PX|W,https://itp.ne.jp/info/131484556100000899,[,s,2023N1001 03:03:17
OcˏVhX,0359093832,sVh搼VhP PR|R,https://itp.ne.jp/info/131490356189160800,[,s,2023N1001 03:03:18
Kycؑ]X,0427890395,scsؑ]S PQ|SR,https://itp.ne.jp/info/131490914192170450,[,s,2023N1001 03:03:18
jԃ[VhwOX,0333524836,sVhVhR QT|U,https://itp.ne.jp/info/131498942100000899,[,s,2023N1001 03:03:18
gRR,0357461021,scRQ Q|V|Pe,https://itp.ne.jp/info/131503041116780960,[,s,2023N1001 03:03:18
˓Ă,0335895552,s`ԍR QO|Q,https://itp.ne.jp/info/131510834117461440,[,s,2023N1001 03:03:18
t,0339518394,sL쒷R S|PP,https://itp.ne.jp/info/131514958001280130,[,s,2023N1001 03:03:19
ނ,0423841172,ss{P PX|PP,https://itp.ne.jp/info/131557947100000899,[,s,2023N1001 03:03:19
Jz[v,0333125344,s戢JQ PV|T,https://itp.ne.jp/info/131572849069941690,[,s,2023N1001 03:03:19
쑽[iV[YeXX,0364331162,s``P Q|VO,https://itp.ne.jp/info/131575309101871370,[,s,2023N1001 03:03:19
|,0335510393,sVxP S|T|Pe,https://itp.ne.jp/info/131581915161531960,[,s,2023N1001 03:03:19
ˉ䒃mX,0332598989,sc_c쒬R QO|S,https://itp.ne.jp/info/131591013118771350,[,s,2023N1001 03:03:19
V䃉[,0338868782,s~R RQ|U,https://itp.ne.jp/info/131591253115930390,[,s,2023N1001 03:03:20
VLq[^蒬X,0352226282,sc蒬P U|P|aPe,https://itp.ne.jp/info/131603354144651820,[,s,2023N1001 03:03:20
ƂƂ,0499421777,sOO_ XXU,https://itp.ne.jp/info/131611445101051920,[,s,2023N1001 03:03:20
c`hg`bgh,0334102299,scJR PW|Q,https://itp.ne.jp/info/131613300146270760,[,s,2023N1001 03:03:20
΁E؂ΕlVX,0338866020,s搼VhP PS|PT|Q,https://itp.ne.jp/info/131620210163271540,[,s,2023N1001 03:03:29
ݗ,0338835498,sZP PV|RT,https://itp.ne.jp/info/131622265100000899,[,s,2023N1001 03:03:29
O[r[gEWp,0353352510,s㉬P PS|T,https://itp.ne.jp/info/131623030164131710,[,s,2023N1001 03:03:29
,0333893939,s撆T TU|PR,https://itp.ne.jp/info/131624372100000899,[,s,2023N1001 03:03:30
单O,0423436223,sswQ PU|R,https://itp.ne.jp/info/131635737100000899,[,s,2023N1001 03:03:30
܂,0427274276,scsXP RU|W,https://itp.ne.jp/info/131644813147280910,[,s,2023N1001 03:03:30
cˏ,0336448601,s]썻P PO|X,https://itp.ne.jp/info/131652100123781810,[,s,2023N1001 03:03:31
听,0338893810,s搼V{T Q|U,https://itp.ne.jp/info/131655865100000899,[,s,2023N1001 03:03:31
Ho,0364203605,sڍڍP U|PQ,https://itp.ne.jp/info/131663930121770600,[,s,2023N1001 03:03:31
[,0427825390,scs RPTT|V,https://itp.ne.jp/info/131665111134561090,[,s,2023N1001 03:03:31
炠߂ԌgZ^[X,0338691855,s]ː搼U PS,https://itp.ne.jp/info/131671756114071540,[,s,2023N1001 03:03:31
[EX,0353357678,s㉬P U|PP,https://itp.ne.jp/info/131684340152470720,[,s,2023N1001 03:03:31
ВߌƕaX,0364500767,scX{Q RP|QP,https://itp.ne.jp/info/131693620150871790,[,s,2023N1001 03:03:32
J[,0352232223,scۂ̓R V|PP,https://itp.ne.jp/info/131704916141280880,[,s,2023N1001 03:03:32
Va,0334081119,s`RP R|U|U|PPO,https://itp.ne.jp/info/131714211177041400,[,s,2023N1001 03:03:32
񈢍JX,0333110273,s戢JP RU|PT,https://itp.ne.jp/info/131720035145080710,[,s,2023N1001 03:03:32
S߂ˉ^,0366629133,sTLR QU|P,https://itp.ne.jp/info/131723759035180340,[,s,2023N1001 03:03:32
ՋM,0422206838,ssgˎ{P P|X,https://itp.ne.jp/info/131724644154072000,[,s,2023N1001 03:03:33
݂VX,0336879998,s]ː撆T PX|PV,https://itp.ne.jp/info/131725329057530350,[,s,2023N1001 03:03:33
Vg,0333453000,sVh搼VhP PU|PR,https://itp.ne.jp/info/131725655162371210,[,s,2023N1001 03:03:33
؍O,0357003156,scrR SP|PP,https://itp.ne.jp/info/131725907100000899,[,s,2023N1001 03:03:42
푠ڍX,0357215445,sڍ撆ڍR T|R,https://itp.ne.jp/info/131732116186931030,[,s,2023N1001 03:03:42
[WW,0335576329,snh QP|PW,https://itp.ne.jp/info/131754648163581640,[,s,2023N1001 03:03:42
ꕗX,0335471010,sS PO|R,https://itp.ne.jp/info/131755543100000899,[,s,2023N1001 03:03:43
,0334809155,s]sS X|R,https://itp.ne.jp/info/131757423100000899,[,s,2023N1001 03:03:43
܂,0358566163,sۖ؊ԂT QT|QR,https://itp.ne.jp/info/131762016171470500,[,s,2023N1001 03:03:43
x߂ΒX,0427203868,scsP QP|PP,https://itp.ne.jp/info/131768387100000899,[,s,2023N1001 03:03:44
͂Ɩ,0334873666,scJR PS|Q,https://itp.ne.jp/info/131773253144931950,[,s,2023N1001 03:03:44
냉[,0332790866,s{P PQ|PQ,https://itp.ne.jp/info/131773756123650710,[,s,2023N1001 03:03:44
ؕS,0423763455,ssS POWQ,https://itp.ne.jp/info/131788647100000899,[,s,2023N1001 03:03:44
؉,0426236417,sqsؒ V|PP,https://itp.ne.jp/info/131788858100000899,[,s,2023N1001 03:03:44
܂邫񃉁[^nX,0337952789,scJQ RO|U,https://itp.ne.jp/info/131802115100000899,[,s,2023N1001 03:03:45
쉀,0338066790,sr搼闢P P|P,https://itp.ne.jp/info/131809615100000899,[,s,2023N1001 03:03:45
,0338973917,sÐJ{S PQ|R,https://itp.ne.jp/info/131824675100000899,[,s,2023N1001 03:03:45
색[ԊOndFkX,0332745005,s攪dFQ P,https://itp.ne.jp/info/131830412100000899,[,s,2023N1001 03:03:45
{,0353898220,s㍂cP Q|TP,https://itp.ne.jp/info/131831736126740250,[,s,2023N1001 03:03:45
Ђ,0333012028,s搼kR PX|PR,https://itp.ne.jp/info/131836122100000899,[,s,2023N1001 03:03:46
ݗ,0332207341,s㉬P U|P,https://itp.ne.jp/info/131844291100000899,[,s,2023N1001 03:03:46
LЉl^{X,0336876402,s]ː搼P PP|QS,https://itp.ne.jp/info/131851734100000899,[,s,2023N1001 03:03:46
炟˂͂₵c,0363800047,sVhVhR RP|T|POQ,https://itp.ne.jp/info/131853146165780800,[,s,2023N1001 03:03:46
K,0423421729,ss̑ SU|V,https://itp.ne.jp/info/131858637100000899,[,s,2023N1001 03:03:56
ؐHX,0339908601,sn撆kR QR|T,https://itp.ne.jp/info/131860251164351370,[,s,2023N1001 03:03:56
~l,0428253041,s~s͕ӒU PQ|W|POQ,https://itp.ne.jp/info/131862115102731920,[,s,2023N1001 03:03:56
叟RX,0337112340,si揬RR T|W|Pe,https://itp.ne.jp/info/131862151169060020,[,s,2023N1001 03:03:56
叟,0336596887,s]ːkQ R|U|POR,https://itp.ne.jp/info/131863514100000899,[,s,2023N1001 03:03:57
ML,0427288682,scsXQ QO|PO,https://itp.ne.jp/info/131868787100000899,[,s,2023N1001 03:03:57
ی[qX,0426822339,sqsP QQ|PU,https://itp.ne.jp/info/131875429070381610,[,s,2023N1001 03:03:57
N˔qX,0426423318,sqs Q|PX,https://itp.ne.jp/info/131880929085731100,[,s,2023N1001 03:03:57
z[vgˎX,0422235560,ssgˎ{P PW|R,https://itp.ne.jp/info/131882206125071900,[,s,2023N1001 03:03:58
],0335316631,sςP U|V,https://itp.ne.jp/info/131890933100000899,[,s,2023N1001 03:03:58
炠߂ԌuX,0335588220,suR RP|PT,https://itp.ne.jp/info/131891053100000899,[,s,2023N1001 03:03:58
ˉD]X,0334899622,s]sa{P Q|U,https://itp.ne.jp/info/131910246195640900,[,s,2023N1001 03:03:58
[߂,0339021309,sk_JR SR|PV|POP,https://itp.ne.jp/info/131910926167040280,[,s,2023N1001 03:03:58
ˉE,0359635813,sk撆\P QV|PO,https://itp.ne.jp/info/131911244166661310,[,s,2023N1001 03:03:58
ȂΉ,0335319565,s揟ǂR T|PS,https://itp.ne.jp/info/131913933100000899,[,s,2023N1001 03:03:59
lƌn[pƐVh{X,0333409522,sVh搼VhP PT|P,https://itp.ne.jp/info/131914147130770270,[,s,2023N1001 03:03:59
߂񉮋j[⒬X,0353790379,sVhlJ⒬ T|PR,https://itp.ne.jp/info/131931153191561440,[,s,2023N1001 03:03:59
卒,0334093480,saJ擌P QV|X,https://itp.ne.jp/info/131931682100000899,[,s,2023N1001 03:03:59
R[C,0425752008,ssP X|RT,https://itp.ne.jp/info/131937577100000899,[,s,2023N1001 03:03:59
ˁEX,0356200699,s]؏Q PV|PO|POR,https://itp.ne.jp/info/131950144116761790,[,s,2023N1001 03:04:00
t,0333923537,s㉬P PU|PS,https://itp.ne.jp/info/131952243177741310,[,s,2023N1001 03:04:09
k[,0425555824,sHsS PP|PP,https://itp.ne.jp/info/131961767100000899,[,s,2023N1001 03:04:09
؂Γ^qX,0426200071,sqs U|PO,https://itp.ne.jp/info/131962758100000899,[,s,2023N1001 03:04:09
V,0425593737,ssJ QUO|Q,https://itp.ne.jp/info/131963621114550380,[,s,2023N1001 03:04:09
X[W,0339961567,snΐ_䒬R PW|PU|POQ,https://itp.ne.jp/info/131964556100000899,[,s,2023N1001 03:04:10
gBl,0425480860,ssQ PT|QO,https://itp.ne.jp/info/131969367100000899,[,s,2023N1001 03:04:10
ؐHcX,0334533190,s`łT RP|PT,https://itp.ne.jp/info/131974129074470960,[,s,2023N1001 03:04:10
[猳,0332340003,sc改 R|PQ,https://itp.ne.jp/info/131980691100000899,[,s,2023N1001 03:04:10
Et,0337300883,scZR X|Q,https://itp.ne.jp/info/131987964100000899,[,s,2023N1001 03:04:10
܂邫񃉁[X,0334470174,s`攒U QQ|PX,https://itp.ne.jp/info/131991803100000899,[,s,2023N1001 03:04:11
ؐHܖkX,0333880990,s܂P RU|T,https://itp.ne.jp/info/131995758014081660,[,s,2023N1001 03:04:11
㉮ےJwOX,0424256788,ssR PS|QU,https://itp.ne.jp/info/132003248100000899,[,s,2023N1001 03:04:11
[w^哇X,0336815803,s]哇V P|PW,https://itp.ne.jp/info/132007134100000899,[,s,2023N1001 03:04:11
hVOؔѓX,0333236668,scJ揼Q QQ|PW|POP,https://itp.ne.jp/info/132019432100000899,[,s,2023N1001 03:04:11
KyHX,0425785519,sHshP Q|PR,https://itp.ne.jp/info/132023803159460840,[,s,2023N1001 03:04:12
Ê쑽[^^ΉGRX,0353845678,scJGRT PV|PQ,https://itp.ne.jp/info/132034676100000899,[,s,2023N1001 03:04:12
[炪,0357051230,sc搼JS QV|S,https://itp.ne.jp/info/132036017100000899,[,s,2023N1001 03:04:12
ˉ,0369082335,sL쒷T PU|T|Pe,https://itp.ne.jp/info/132041545182581440,[,s,2023N1001 03:04:12
܂邰,0364545065,s@ QO|PU|POR,https://itp.ne.jp/info/132042831197861400,[,s,2023N1001 03:04:12
Ê쑽[^^bX,0334421192,saJbP S|P,https://itp.ne.jp/info/132055503100000899,[,s,2023N1001 03:04:12
]O,0424679572,ssŋvےR PT|QX,https://itp.ne.jp/info/132071648100000899,[,s,2023N1001 03:04:21
F^[X,0354037800,s`ŌS Q|W,https://itp.ne.jp/info/132091216132041890,[,s,2023N1001 03:04:21
˂r,0364268428,si揬RQ PV|RO|POP,https://itp.ne.jp/info/132091456153270450,[,s,2023N1001 03:04:22
,0334117878,scJOQ PR|QQ,https://itp.ne.jp/info/132111412165461100,[,s,2023N1001 03:04:22
OcˏcX,0337983808,s`łT QQ|W,https://itp.ne.jp/info/132112826190051770,[,s,2023N1001 03:04:22
k^X,0425561845,sS䒬厚P PQVO|P,https://itp.ne.jp/info/132115767100000899,[,s,2023N1001 03:04:23
[}zX,0336467999,s]擌zR PV|PS,https://itp.ne.jp/info/132123259014070960,[,s,2023N1001 03:04:23
ǁE݂xX,0362803550,s攪xR X|U,https://itp.ne.jp/info/132125609164950370,[,s,2023N1001 03:04:23
ؐHX,0353185351,s撆T UT|PO,https://itp.ne.jp/info/132132966100000899,[,s,2023N1001 03:04:23
{̌,0339862811,sL擌r܂P RX|QO,https://itp.ne.jp/info/132134051136250830,[,s,2023N1001 03:04:23
炷,0333737911,saJX؂P RW|PO,https://itp.ne.jp/info/132134945109240370,[,s,2023N1001 03:04:24
ˉ䂤VX,0333700209,s퐶Q PO|PO,https://itp.ne.jp/info/132135051138481970,[,s,2023N1001 03:04:24
~X,0428336283,s~sR V|R,https://itp.ne.jp/info/132144778100000899,[,s,2023N1001 03:04:24
B,0339390139,s搬P PW|PV,https://itp.ne.jp/info/132150416100000899,[,s,2023N1001 03:04:24
΂炭,0336650088,s{akQ PS|S,https://itp.ne.jp/info/132155344132230610,[,s,2023N1001 03:04:24
͂΂Ă,0334273242,scJoQ PT|PT,https://itp.ne.jp/info/132155892100000899,[,s,2023N1001 03:04:25
[F,0337323304,sc擌cP PQ|PO,https://itp.ne.jp/info/132156174100000899,[,s,2023N1001 03:04:25
y,0339537467,sLڔT PW|PS,https://itp.ne.jp/info/132158326100000899,[,s,2023N1001 03:04:25
WN,0334784778,saJ_{OR QQ|PR,https://itp.ne.jp/info/132160435176260040,[,s,2023N1001 03:04:25
˓X,0362761189,saJ˂Q SR|U,https://itp.ne.jp/info/132161130115460680,[,s,2023N1001 03:04:25
[߂񖡗,0362738678,sVhˎRQ RR|RR|PPX,https://itp.ne.jp/info/132164655100570970,[,s,2023N1001 03:04:35
m_,0366629989,s˂R RQ|P,https://itp.ne.jp/info/132170638162671230,[,s,2023N1001 03:04:35
炠߂ԌiX,0333257900,siS S|R,https://itp.ne.jp/info/132182754174541670,[,s,2023N1001 03:04:35
ViqX,0426442814,sqs PQ|V,https://itp.ne.jp/info/132186368100000899,[,s,2023N1001 03:04:36
,0336745606,s]ː擌R RU|PP,https://itp.ne.jp/info/132194300119840570,[,s,2023N1001 03:04:36
Ԃij,0338059766,sr擌闢T TQ|T,https://itp.ne.jp/info/132194635186841720,[,s,2023N1001 03:04:36
傤̂kX,0426495710,sqsŉz RSS|S,https://itp.ne.jp/info/132200605137570170,[,s,2023N1001 03:04:37
[VbvȂނ牮,0337044059,scJтR P|PR,https://itp.ne.jp/info/132202254100000899,[,s,2023N1001 03:04:37
ؐHrܐX,0359602911,sL搼r܂P PR|T,https://itp.ne.jp/info/132204539059921680,[,s,2023N1001 03:04:37
܂邫񃉁[JX,0337262949,scJQ P|PP,https://itp.ne.jp/info/132210764100000899,[,s,2023N1001 03:04:37
΂񂩂rܖ{X,0339834044,sLr܂P PV|R,https://itp.ne.jp/info/132211701194580960,[,s,2023N1001 03:04:37
ː錋,0357388236,sڍ勴Q QQ|V|Pe,https://itp.ne.jp/info/132215710120680770,[,s,2023N1001 03:04:38
[VbvHX,0425547000,sHs_R RR|UU,https://itp.ne.jp/info/132226667100000899,[,s,2023N1001 03:04:38
单V,0425223218,ssHߒP U|X,https://itp.ne.jp/info/132231557100000899,[,s,2023N1001 03:04:38
󗈌,0423840678,ssΒP P|PV,https://itp.ne.jp/info/132237947100000899,[,s,2023N1001 03:04:38
˃\[,0336801148,s]ː搼U PR|PS,https://itp.ne.jp/info/132250034100000899,[,s,2023N1001 03:04:38
_S,0339841908,sLrܖ{R QT|PP,https://itp.ne.jp/info/132253746100000899,[,s,2023N1001 03:04:39
Vi^ܔcX,0334902677,si搼ܔcP PP|X|a,https://itp.ne.jp/info/132253923100000899,[,s,2023N1001 03:04:39
[,0336958653,sx؂R R|W,https://itp.ne.jp/info/132260046196041530,[,s,2023N1001 03:04:39
݂Ƃ,0336018569,s您ԒP R|X,https://itp.ne.jp/info/132263563100000899,[,s,2023N1001 03:04:39
ؐH_cX,0332529388,scb蒬Q P|PS,https://itp.ne.jp/info/132270834195050150,[,s,2023N1001 03:04:48
rܐp,0369142880,sLr܂Q VR|R,https://itp.ne.jp/info/132272045132361790,[,s,2023N1001 03:04:48
[߂񉖐_{OX,0334860255,saJ_{OU X|PS|POP,https://itp.ne.jp/info/132273356168070550,[,s,2023N1001 03:04:48
؂[߂,0333246009,scJ揼P RW|PT,https://itp.ne.jp/info/132283431194441000,[,s,2023N1001 03:04:48
y,0334612032,saJ擹Q PV|U,https://itp.ne.jp/info/132285313100000899,[,s,2023N1001 03:04:49
Rv^]X,0336514970,s]ː揼]T PP|U,https://itp.ne.jp/info/132288604100000899,[,s,2023N1001 03:04:49
Tb|[ǂ񖺐VwOrX,0335732545,s`VQ QO|PT,https://itp.ne.jp/info/132293553100000899,[,s,2023N1001 03:04:49
Ԃ̉؂[߂,0334559157,s`얃zQ S|V,https://itp.ne.jp/info/132294819179971350,[,s,2023N1001 03:04:49
tkX,0358122254,s䓌T PO|PS,https://itp.ne.jp/info/132300820150241670,[,s,2023N1001 03:04:50
pƎOwOX,0422602240,ssP P|PO,https://itp.ne.jp/info/132305245166471190,[,s,2023N1001 03:04:50
쑽[,0333042907,scJDT RT|P,https://itp.ne.jp/info/132308322100000899,[,s,2023N1001 03:04:50
炠߂ԌcX,0427283300,scscQ PQ|PT,https://itp.ne.jp/info/132315618136961360,[,s,2023N1001 03:04:50
y,0337363647,sc擌ZQ T|PO,https://itp.ne.jp/info/132325474100000899,[,s,2023N1001 03:04:50
X,0422321782,ss쒬S QP|W,https://itp.ne.jp/info/132326238100000899,[,s,2023N1001 03:04:50
ؗ,0424828280,szsxmQ S|P,https://itp.ne.jp/info/132331804126971610,[,s,2023N1001 03:04:51
V[,0425431999,ssR S|S,https://itp.ne.jp/info/132340267100000899,[,s,2023N1001 03:04:51
,0423941515,sRsQ T|RR,https://itp.ne.jp/info/132340357100000899,[,s,2023N1001 03:04:51
{,0334635365,sڍtR X|X,https://itp.ne.jp/info/132350513100000899,[,s,2023N1001 03:04:51
[,0426358077,sqsPuP P|W,https://itp.ne.jp/info/132351906174721420,[,s,2023N1001 03:04:51
˒rJX,0425506440,ssHP Q|T,https://itp.ne.jp/info/132352467100000899,[,s,2023N1001 03:04:52
OؔѓX,0425643326,sRswR TW|Q,https://itp.ne.jp/info/132354277100000899,[,s,2023N1001 03:05:01
J񃉁[,0366668829,s]؏P S|PP,https://itp.ne.jp/info/132364342179970660,[,s,2023N1001 03:05:01
ؐHJX,0338717035,s䓌捪݂P P|PV,https://itp.ne.jp/info/132364739056060200,[,s,2023N1001 03:05:01
X؏X,0362767757,saJX؂P TW|R,https://itp.ne.jp/info/132373326147060570,[,s,2023N1001 03:05:01
ɂڂ؂΂ɂڋg,0352849674,sZ PV|R,https://itp.ne.jp/info/132383321157481230,[,s,2023N1001 03:05:02
,0425630570,sasVxP PSRQ|RR,https://itp.ne.jp/info/132387177100000899,[,s,2023N1001 03:05:02
[gc,0364585687,s]xP PP|V,https://itp.ne.jp/info/132390244157671000,[,s,2023N1001 03:05:02
ƂƂ,0337727007,scRP SR|P,https://itp.ne.jp/info/132399794100000899,[,s,2023N1001 03:05:02
JVrX[ˋS_,0362060239,scb蒬Q PO|X|Pe,https://itp.ne.jp/info/132410907117161150,[,s,2023N1001 03:05:02
z̃g}g˖OxX,0356391661,s]OP T|V,https://itp.ne.jp/info/132421253138850840,[,s,2023N1001 03:05:03
؂΍,0339507132,sVh扺P PU|Q,https://itp.ne.jp/info/132421434144161850,[,s,2023N1001 03:05:03
VO{ڍX,0357253356,sڍڍQ SS|T,https://itp.ne.jp/info/132423623189971530,[,s,2023N1001 03:05:03
҃lNXgxANAVeBX,0335291154,s`P V|P,https://itp.ne.jp/info/132425558076181310,[,s,2023N1001 03:05:03
Rv^VhX,0338405495,s搼VhQ PU|PO,https://itp.ne.jp/info/132437335100000899,[,s,2023N1001 03:05:03
Вv^VX,0335747279,s`VQ QO,https://itp.ne.jp/info/132440653100000899,[,s,2023N1001 03:05:04
z[cOcX,0334558539,s`łT PS|PS,https://itp.ne.jp/info/132452153161060740,[,s,2023N1001 03:05:04
ˉÂ,0336591644,s]ː쏬P U|PW,https://itp.ne.jp/info/132460034157551410,[,s,2023N1001 03:05:04
,0337104070,sڍԂR V|S|Pe,https://itp.ne.jp/info/132460554100000899,[,s,2023N1001 03:05:04
悵,0338726746,s䓌擌󑐂P PO|PS,https://itp.ne.jp/info/132465355100000899,[,s,2023N1001 03:05:04
,0336336938,snc΂R S|Q|POP,https://itp.ne.jp/info/132466293100000899,[,s,2023N1001 03:05:05
,0427920289,scsR蒬 QQOO|R|PW|POU,https://itp.ne.jp/info/132470908100000899,[,s,2023N1001 03:05:14
嗤HX,0425546444,sHsxmQ PW|PW,https://itp.ne.jp/info/132475667100000899,[,s,2023N1001 03:05:14
ˉ,0362760027,saJ攦JP X|U,https://itp.ne.jp/info/132475956194580620,[,s,2023N1001 03:05:14
[gBlRX,0357257361,sڍڍ{R U|X,https://itp.ne.jp/info/132479217100000899,[,s,2023N1001 03:05:15
V_,0333587411,sVhVhR QQ|PR,https://itp.ne.jp/info/132483220193940270,[,s,2023N1001 03:05:15
k^V~XaX,0425657766,sasU PPOO|TQ,https://itp.ne.jp/info/132483377100000899,[,s,2023N1001 03:05:15
[cXaJX,0364165664,saJFc쒬 PP|U,https://itp.ne.jp/info/132485400189371500,[,s,2023N1001 03:05:16
RтH,0425963332,ss VPQ|T,https://itp.ne.jp/info/132485554185330810,[,s,2023N1001 03:05:16
[߂񂹂ƏcX,0428518683,scscU PO|R,https://itp.ne.jp/info/132494555105581120,[,s,2023N1001 03:05:16
,0423740305,ssm{R PP|R,https://itp.ne.jp/info/132495547100000899,[,s,2023N1001 03:05:16
tѓcX,0332392839,scxmQ PQ|PU|POU,https://itp.ne.jp/info/132499791100000899,[,s,2023N1001 03:05:16
ˉ݂,0334975828,s`RQ Q|PT|POV,https://itp.ne.jp/info/132505753109761410,[,s,2023N1001 03:05:16
^,0334530413,s`얃zQ V|QU,https://itp.ne.jp/info/132529013100000899,[,s,2023N1001 03:05:17
[p^{X,0354773707,scJoQ W|V,https://itp.ne.jp/info/132529886100000899,[,s,2023N1001 03:05:17
ǂƂڂ_aJX,0364153790,saJFc쒬 QX|S,https://itp.ne.jp/info/132532411133140200,[,s,2023N1001 03:05:17
񂰐Hs^JX,0333742776,saJ攦JQ TQ|R|R|POT,https://itp.ne.jp/info/132541506162251340,[,s,2023N1001 03:05:17
܂̂ߍ]wOX,0334304431,s]saP PW|P,https://itp.ne.jp/info/132544950189040480,[,s,2023N1001 03:05:18
˖[,0338185855,s{Q PO|W,https://itp.ne.jp/info/132545325100000899,[,s,2023N1001 03:05:18
ꗴ,0334661671,scJkQ RO|PP,https://itp.ne.jp/info/132545613100000899,[,s,2023N1001 03:05:18
ї[߂,0339228212,sn搼R QO|PS,https://itp.ne.jp/info/132550559043821320,[,s,2023N1001 03:05:28
Ê쑽[^^؏X,0336499851,s]擌zR U|PO,https://itp.ne.jp/info/132563504100000899,[,s,2023N1001 03:05:28
˗E,0338370811,s擒R SU|Q|Pe,https://itp.ne.jp/info/132572138194281030,[,s,2023N1001 03:05:28
,0356708525,sx؂R X|X,https://itp.ne.jp/info/132575307100000899,[,s,2023N1001 03:05:28
Ώă[VV,0425941344,ss R|PR,https://itp.ne.jp/info/132582341139931740,[,s,2023N1001 03:05:29
c߂񂽂ς݂˒rܓX,0339843330,sLr܂P QP|T,https://itp.ne.jp/info/132584448155270640,[,s,2023N1001 03:05:29
Xˏԓ,0369022619,sU QR|PQ,https://itp.ne.jp/info/132592239046351020,[,s,2023N1001 03:05:29
ؐH^X,0425404076,ssč蒬R T|S,https://itp.ne.jp/info/132593443179031120,[,s,2023N1001 03:05:30
L,0422319302,sOs[厛Q RT|QU,https://itp.ne.jp/info/132594238100000899,[,s,2023N1001 03:05:30
|h[\cn,0362056888,sVh捂cnQ PS|QV,https://itp.ne.jp/info/132624617116270980,[,s,2023N1001 03:05:30
E,0334667355,scJkQ W|W,https://itp.ne.jp/info/132630713100000899,[,s,2023N1001 03:05:30
˃_CjOƂƂ,0355774404,sc_c쒬R PO|X,https://itp.ne.jp/info/132631444197761750,[,s,2023N1001 03:05:30
˂∨,0358119488,sr搼闢Q QO|P|ROQ,https://itp.ne.jp/info/132632659054650440,[,s,2023N1001 03:05:31
ˍgt,0423263201,ss{Q Q|PT,https://itp.ne.jp/info/132641346130640560,[,s,2023N1001 03:05:31
炠߂ԌXX,0337611021,scXR QT|T|POP,https://itp.ne.jp/info/132654940184541710,[,s,2023N1001 03:05:31
l[߂ÓT,0425575591,sS䒬厚`xmR PRO|P,https://itp.ne.jp/info/132660210156940490,[,s,2023N1001 03:05:31
ǈ,0338834170,scƂQ PP|QQ,https://itp.ne.jp/info/132660265100000899,[,s,2023N1001 03:05:31
KyRX,0425207144,sRsɓޕP Q|P,https://itp.ne.jp/info/132662116169441140,[,s,2023N1001 03:05:31
ˉȂ,0336905730,s˂R RR|PU,https://itp.ne.jp/info/132662523120061550,[,s,2023N1001 03:05:32
Ђؗ,0425614039,sasU PPVX|S,https://itp.ne.jp/info/132668077100000899,[,s,2023N1001 03:05:32
ˁE痠,0363009919,saJxJP ST|PR|Pe,https://itp.ne.jp/info/132674656133881640,[,s,2023N1001 03:05:41
炠߂ԌAIkX,0356337719,s]kQ PV|P,https://itp.ne.jp/info/132675535187671240,[,s,2023N1001 03:05:41
Y[aJZ^[XE{X,0334621586,saJFc쒬 QT|R,https://itp.ne.jp/info/132680621139571690,[,s,2023N1001 03:05:41
XׂrܐX,0369070095,sL搼r܂P RS|S,https://itp.ne.jp/info/132681759033171780,[,s,2023N1001 03:05:41
ˎڂ,0362069344,scO_cP R|S,https://itp.ne.jp/info/132681821136461020,[,s,2023N1001 03:05:42
ٌÎ,0426652438,sqsԒ PSTP|P,https://itp.ne.jp/info/132681968100000899,[,s,2023N1001 03:05:42
ꑠ,0353052658,s捂~S QR|P,https://itp.ne.jp/info/132682103147841980,[,s,2023N1001 03:05:42
Dy,0339921333,snLʖkT QO|PQ,https://itp.ne.jp/info/132682256100000899,[,s,2023N1001 03:05:42
KycƓX,0358310260,scƂP QP|PS,https://itp.ne.jp/info/132682755102161250,[,s,2023N1001 03:05:43
ˉc,0338192688,srrU R|P,https://itp.ne.jp/info/132684113187062000,[,s,2023N1001 03:05:43
ѓX,0337826796,si揬RS R|PO,https://itp.ne.jp/info/132694405100000899,[,s,2023N1001 03:05:43
ˉO,0425538540,ssQ R|PO,https://itp.ne.jp/info/132699567100000899,[,s,2023N1001 03:05:43
g`CiX,0426748589,sqsT PS,https://itp.ne.jp/info/132707078100000899,[,s,2023N1001 03:05:43
Ky쐅X,0338265850,s쐅S PW|PS,https://itp.ne.jp/info/132711936152960290,[,s,2023N1001 03:05:43
ˏ,0423191096,s{sKP RT|R|`|POQ,https://itp.ne.jp/info/132714440190071820,[,s,2023N1001 03:05:44
x߂΂₮,0333207767,saJ{Q RQ|Q,https://itp.ne.jp/info/132715125111141440,[,s,2023N1001 03:05:44
Е^X,0353860103,sVh撆P QO|PU,https://itp.ne.jp/info/132715236116151220,[,s,2023N1001 03:05:44
CVO,0362726416,sc搼_cQ P|PR|Pe,https://itp.ne.jp/info/132715519084680770,[,s,2023N1001 03:05:44
ːS,0336078924,s捂T RU|PO,https://itp.ne.jp/info/132722935189460880,[,s,2023N1001 03:05:45
ۂۂX,0352118556,sc_cO蒬Q QP|PP|P,https://itp.ne.jp/info/132723029069940080,[,s,2023N1001 03:05:45
ViюX,0338299877,snc摾S Q|P|POV,https://itp.ne.jp/info/132723050113830320,[,s,2023N1001 03:05:54
,0335725360,s`VQ QO|PT,https://itp.ne.jp/info/132729453100000899,[,s,2023N1001 03:05:54
[E~X,0359299779,s捂~S V|P|POR,https://itp.ne.jp/info/132731140112171690,[,s,2023N1001 03:05:54
LЃplX,0364257401,snc{Q T|P|ROP,https://itp.ne.jp/info/132731946128940340,[,s,2023N1001 03:05:54
ˎȂ,0424763930,ssԏS RX|X,https://itp.ne.jp/info/132732136143470550,[,s,2023N1001 03:05:55
؂ΓcX,0337308801,sc搼cV UV|V,https://itp.ne.jp/info/132732800135951760,[,s,2023N1001 03:05:55
RcX,0332027659,sVh捂cnP R|PR|POP,https://itp.ne.jp/info/132734444139350400,[,s,2023N1001 03:05:55
L,0336249938,snc扡Q PT|PP,https://itp.ne.jp/info/132734683100000899,[,s,2023N1001 03:05:56
kC[,0426279043,sqsO蒬 T|PQ|Pe,https://itp.ne.jp/info/132741168100000899,[,s,2023N1001 03:05:56
̓X][~,0337230042,scJ扜T PR|P,https://itp.ne.jp/info/132755104108761640,[,s,2023N1001 03:05:56
[߂񏼕x,0332893465,sU S|PU,https://itp.ne.jp/info/132758612100000899,[,s,2023N1001 03:05:56
Ky,0425351984,sshT RV|U,https://itp.ne.jp/info/132762957100000899,[,s,2023N1001 03:05:56
ł,0333953795,s搼kQ P|V,https://itp.ne.jp/info/132763772100000899,[,s,2023N1001 03:05:56
쑽[Vhp[N^[X,0333446611,sVh搼VhR V|P,https://itp.ne.jp/info/132764554183160700,[,s,2023N1001 03:05:57
LГ[߂,0338315664,s擒R PO|PO,https://itp.ne.jp/info/132764925100000899,[,s,2023N1001 03:05:57
ق,0337058255,scJRR QQ|W,https://itp.ne.jp/info/132769254100000899,[,s,2023N1001 03:05:57
ɂɂ,0423856815,ssS RS|T|P,https://itp.ne.jp/info/132774819053340730,[,s,2023N1001 03:05:57
B񂪂ԍX,0335057882,s`ԍQ PT|PT,https://itp.ne.jp/info/132775624190350360,[,s,2023N1001 03:05:57
␅,0337238146,sڍ敽P QV|T,https://itp.ne.jp/info/132777564100000899,[,s,2023N1001 03:05:58
\Ƃ񂱂[,0354669566,saJLP P|RU,https://itp.ne.jp/info/132794243163231790,[,s,2023N1001 03:05:58
ƂǋTLX,0356165858,sTLT SX|U,https://itp.ne.jp/info/132810534198070810,[,s,2023N1001 03:06:08
ꗖAgRX,0358265861,s䓌V P|P,https://itp.ne.jp/info/132824343146031460,[,s,2023N1001 03:06:08
ˏȂׂPX,0427093759,scsXP PP|P,https://itp.ne.jp/info/132825423145870740,[,s,2023N1001 03:06:09
[߂tCI[vēX,0424527998,svĎsT PV|UQ,https://itp.ne.jp/info/132832743161871660,[,s,2023N1001 03:06:09
炠߂ԌwOX,0366669911,snc旼R QU|T,https://itp.ne.jp/info/132834904163671610,[,s,2023N1001 03:06:09
Е^X,0339726778,sLvR RU|T,https://itp.ne.jp/info/132838936100000899,[,s,2023N1001 03:06:09
R^,0337342023,sc撇ZP QW|PR,https://itp.ne.jp/info/132839274100000899,[,s,2023N1001 03:06:10
,0337712734,scknQ QV|PR,https://itp.ne.jp/info/132854694100000899,[,s,2023N1001 03:06:10
,0422512041,ssT PV|QP,https://itp.ne.jp/info/132854738100000899,[,s,2023N1001 03:06:10
[߂񂭂܂,0353560503,sێRQ QO|R|T|POP,https://itp.ne.jp/info/132872425124780620,[,s,2023N1001 03:06:10
}X,0354593956,saJ擹Q PO|P,https://itp.ne.jp/info/132874237108870610,[,s,2023N1001 03:06:10
,0336932966,s󒬂P QT|QO,https://itp.ne.jp/info/132879244100000899,[,s,2023N1001 03:06:11
t؉Ɩ{X,0333914220,sVQ T|QS,https://itp.ne.jp/info/132881100127751540,[,s,2023N1001 03:06:11
Ky,0338665900,s䓌揬Q P|R,https://itp.ne.jp/info/132884055100000899,[,s,2023N1001 03:06:11
X,0425440545,ss_Q QO|W,https://itp.ne.jp/info/132885267100000899,[,s,2023N1001 03:06:11
~~,0336141943,sncncQ T|S,https://itp.ne.jp/info/132891873100000899,[,s,2023N1001 03:06:11
ꂻ΂΂,0333126077,s搬cS RV|W|Pe,https://itp.ne.jp/info/132893307178461200,[,s,2023N1001 03:06:12
߂[߂,0356324626,s]썻Q P|W,https://itp.ne.jp/info/132901007100000899,[,s,2023N1001 03:06:12
,0338744511,s䓌󑐂R RR|U,https://itp.ne.jp/info/132905555100000899,[,s,2023N1001 03:06:12
tn,0424671600,sscS S|PR,https://itp.ne.jp/info/132921525126540730,[,s,2023N1001 03:06:12
O[߂񗧐č蒬X,0425286788,ssč蒬U PQS|P,https://itp.ne.jp/info/132924427100830530,[,s,2023N1001 03:06:21
,0338813058,sZ։ PV|PT,https://itp.ne.jp/info/132927955100000899,[,s,2023N1001 03:06:21
܂ΎOcb,0364550552,saJbP PR|Q|l,https://itp.ne.jp/info/132930336187671400,[,s,2023N1001 03:06:21
炠߂ԌRX,0423985266,sRs{Q R|VV,https://itp.ne.jp/info/132930441146141050,[,s,2023N1001 03:06:22
ؐH|mːX,0338573761,s搼|̒˂Q Q|Q,https://itp.ne.jp/info/132930925145361920,[,s,2023N1001 03:06:22
ؗE,0337841199,si揬RQ U|PS,https://itp.ne.jp/info/132948505100000899,[,s,2023N1001 03:06:22
˂̖V,0337804450,saJ_ QO|QR,https://itp.ne.jp/info/132951055107031560,[,s,2023N1001 03:06:23
͂炵ܐH,0428852252,sSOg RS,https://itp.ne.jp/info/132963878100000899,[,s,2023N1001 03:06:23
}[[^,0368068148,sr搼闢T QS|Q|aPe,https://itp.ne.jp/info/132972002164380350,[,s,2023N1001 03:06:23
]zX,0424895880,szsΌQ QQ|PO,https://itp.ne.jp/info/132972613116640580,[,s,2023N1001 03:06:23
Жˉ_cX,0332563634,sc_cR W|V,https://itp.ne.jp/info/132974640134460210,[,s,2023N1001 03:06:23
OLːl`xX,0366612413,s{l`P PT|U,https://itp.ne.jp/info/132984217121270120,[,s,2023N1001 03:06:24
Ky͒X,0358259688,sc_c͒ S,https://itp.ne.jp/info/132984407153431310,[,s,2023N1001 03:06:24
KyX,0356131818,s捲P RT,https://itp.ne.jp/info/132993110172561850,[,s,2023N1001 03:06:24
Ă,0425627090,sasS V|PV,https://itp.ne.jp/info/132995177100000899,[,s,2023N1001 03:06:24
pƁ^aJ؋X,0334075771,saJaJR PT|U,https://itp.ne.jp/info/133000582100000899,[,s,2023N1001 03:06:24
司,0426761190,sqsPuR SV|P,https://itp.ne.jp/info/133001007190851200,[,s,2023N1001 03:06:25
炠߂ԌxVX,0426762055,sqsʏQ P,https://itp.ne.jp/info/133001018005870180,[,s,2023N1001 03:06:25
{X,0339811502,sL˂R SQ|V,https://itp.ne.jp/info/133003543184550160,[,s,2023N1001 03:06:25
˗y,0367215788,s`VT QS|T,https://itp.ne.jp/info/133015044132860110,[,s,2023N1001 03:06:25
̋,0333660631,sVh捂cnS Q|RP|POR,https://itp.ne.jp/info/133025607102131330,[,s,2023N1001 03:06:34
Е^ΐ_X,0339977354,snΐ_䒬R PV|PV,https://itp.ne.jp/info/133045020153340670,[,s,2023N1001 03:06:34
l[ۗ,0335751052,s`擌VP Q|PR,https://itp.ne.jp/info/133053653100000899,[,s,2023N1001 03:06:35
΂,0333231650,scJ揼R QX|QQ,https://itp.ne.jp/info/133054741148950610,[,s,2023N1001 03:06:35
,0336572724,s]ː搼Q V|W,https://itp.ne.jp/info/133066214100000899,[,s,2023N1001 03:06:35
z[c񍆓X,0334531345,s`łS T|PT|POS,https://itp.ne.jp/info/133069013100000899,[,s,2023N1001 03:06:36
ViAX,0368032647,s䓌S Q|T,https://itp.ne.jp/info/133070517145770960,[,s,2023N1001 03:06:36
snjxntmcdqfqntmcq`ldm,0359507880,sL搼r܂P P|RO,https://itp.ne.jp/info/133073224153461760,[,s,2023N1001 03:06:36
͂,0428318686,s~sVS QX|P,https://itp.ne.jp/info/133079678100000899,[,s,2023N1001 03:06:36
ؐ,0427236488,scsJ RPS|X,https://itp.ne.jp/info/133083587100000899,[,s,2023N1001 03:06:36
炠߂ԌюkX,0356378776,sncюR T|V,https://itp.ne.jp/info/133083941101861530,[,s,2023N1001 03:06:37
,0426913363,sqsJ쒬 RPW,https://itp.ne.jp/info/133093378100000899,[,s,2023N1001 03:06:37
y,0338015233,sr擌闢U PV|R,https://itp.ne.jp/info/133100415100000899,[,s,2023N1001 03:06:37
傤[߂,0337611760,scXkR RX|PR|POP,https://itp.ne.jp/info/133104608197880060,[,s,2023N1001 03:06:37
[{,0423666162,s{s{P U|R|Pe,https://itp.ne.jp/info/133112347100000899,[,s,2023N1001 03:06:37
ƂЂ΂肪uX,0424388788,ssЂ΂肪ukR R|QR|Pe,https://itp.ne.jp/info/133112802149281030,[,s,2023N1001 03:06:38
ؐHMZwOX,0334058521,sVhu PS|P,https://itp.ne.jp/info/133114554195660790,[,s,2023N1001 03:06:38
XꒆX,0332287222,s撆T TS|R,https://itp.ne.jp/info/133121114162230090,[,s,2023N1001 03:06:38
VѓX,0334528051,s`斃z\ԂR V|PR|POP,https://itp.ne.jp/info/133128013100000899,[,s,2023N1001 03:06:38
ˉS,0357243610,sڍ挴P X|Q,https://itp.ne.jp/info/133134107103451350,[,s,2023N1001 03:06:38
Ă˂HtX,0332573330,sc_ci PW,https://itp.ne.jp/info/133135350130861570,[,s,2023N1001 03:06:47
a,0334561661,s`斃z\ԂQ R|PQ,https://itp.ne.jp/info/133135634154631240,[,s,2023N1001 03:06:48
T`^JX,0339959192,snJT PT|PU,https://itp.ne.jp/info/133142556100000899,[,s,2023N1001 03:06:48
֌Ã^{,0423951233,sRsHÒT V|W,https://itp.ne.jp/info/133144411184760800,[,s,2023N1001 03:06:48
RΏaJX,0337973500,saJaJR PR|V|Pe,https://itp.ne.jp/info/133147115100000899,[,s,2023N1001 03:06:49
׋C^RukX,0357012548,sڍ掩RuP PQ|T,https://itp.ne.jp/info/133147907100000899,[,s,2023N1001 03:06:49
,0362069322,sc_cWHQ S,https://itp.ne.jp/info/133150659007861090,[,s,2023N1001 03:06:49
ە,0333916003,s㉬P U|P,https://itp.ne.jp/info/133151572100000899,[,s,2023N1001 03:06:49
Vi^cX,0337377266,sc搼cV T|PR,https://itp.ne.jp/info/133152574100000899,[,s,2023N1001 03:06:49
j[z[v,0336403576,s]썻T PR|U,https://itp.ne.jp/info/133155693100000899,[,s,2023N1001 03:06:50
V,0333740568,saJ˂Q SR|S,https://itp.ne.jp/info/133158262100000899,[,s,2023N1001 03:06:50
V,0369142634,sL擌r܂P Q|S,https://itp.ne.jp/info/133162931148460840,[,s,2023N1001 03:06:50
̖^{X^nK^[,0352941200,sc_c{cQ QP,https://itp.ne.jp/info/133168666100000899,[,s,2023N1001 03:06:50
z[vڍX,0363033355,sڍڍR W|R,https://itp.ne.jp/info/133171631139181670,[,s,2023N1001 03:06:50
֒R,0336340456,snc旼R QS|P,https://itp.ne.jp/info/133178293100000899,[,s,2023N1001 03:06:51
V_rܓX,0335904788,sL擌r܂P SO|PP,https://itp.ne.jp/info/133183533111951530,[,s,2023N1001 03:06:51
ǂƂڂ_VhX,0332093790,sVh̕꒬P PS|P,https://itp.ne.jp/info/133194939024631050,[,s,2023N1001 03:06:51
[ܓN,0363021281,sVh搼cP PO|S,https://itp.ne.jp/info/133204851174470950,[,s,2023N1001 03:06:51
X[,0334107983,scJS S|X,https://itp.ne.jp/info/133210782100000899,[,s,2023N1001 03:06:51
͂,0332395274,scѓcR PP|RO,https://itp.ne.jp/info/133221891100000899,[,s,2023N1001 03:06:52
[{,0337592299,scP V|PS,https://itp.ne.jp/info/133228884100000899,[,s,2023N1001 03:07:01
ؑ,0423265099,ss{Q PP|PO|POQ,https://itp.ne.jp/info/133232948071870750,[,s,2023N1001 03:07:01
В}^bX,0337600016,saJbP PO|Q,https://itp.ne.jp/info/133235984100000899,[,s,2023N1001 03:07:01
؋LrK勴X,0337197188,sڍ擌RR PR|R,https://itp.ne.jp/info/133245853187430440,[,s,2023N1001 03:07:02
ۓV[,0337503399,sc扺ێqS S|W|Pe,https://itp.ne.jp/info/133251058187681030,[,s,2023N1001 03:07:02
[|X,0333803228,sT QS|PT,https://itp.ne.jp/info/133262023133850520,[,s,2023N1001 03:07:02
[߂V̓,0333957795,s捡S W|T,https://itp.ne.jp/info/133262907119541200,[,s,2023N1001 03:07:03
傤̂⏬{X,0426499171,sqs{ QRR|Q|POQ,https://itp.ne.jp/info/133264618180270970,[,s,2023N1001 03:07:03
X,0336829796,s]ː敽Q QP|X,https://itp.ne.jp/info/133271334100000899,[,s,2023N1001 03:07:03
[c,0332230112,s戢JkS S|W,https://itp.ne.jp/info/133272148088081490,[,s,2023N1001 03:07:03
Zؖˈ̏,0339481635,snnP U|PW,https://itp.ne.jp/info/133275519049651170,[,s,2023N1001 03:07:03
,0425533189,ss厚F PRPP|Q,https://itp.ne.jp/info/133287567100000899,[,s,2023N1001 03:07:04
VؘO,0334217845,scJ摾qS S|PO,https://itp.ne.jp/info/133288492100000899,[,s,2023N1001 03:07:04
̐E叟,0332339911,sc_c쒬R P|T,https://itp.ne.jp/info/133290153186640040,[,s,2023N1001 03:07:04
݂,0358755651,s]哇T U|PR|POP,https://itp.ne.jp/info/133290203116271230,[,s,2023N1001 03:07:04
,0339368631,s捂W R|R|POP,https://itp.ne.jp/info/133292216100000899,[,s,2023N1001 03:07:04
lrܓX,0359571550,sL擌r܂P QQ|PS,https://itp.ne.jp/info/133295516124680580,[,s,2023N1001 03:07:05
,0335712672,sU Q|V,https://itp.ne.jp/info/133296353100000899,[,s,2023N1001 03:07:05
叟,0338993774,sɐlQ W|W,https://itp.ne.jp/info/133296875100000899,[,s,2023N1001 03:07:05
LЕ,0334616535,saJ㊯R PT|V,https://itp.ne.jp/info/133299313100000899,[,s,2023N1001 03:07:05
l[ڂ˖{X,0339158641,sLk˂Q PQ|R,https://itp.ne.jp/info/133302816136161920,[,s,2023N1001 03:07:15
Е^kԉHwԌX,0359188185,sk敂ԂP P|U,https://itp.ne.jp/info/133303001167380120,[,s,2023N1001 03:07:15
˂뉮,0369151314,sVR U|QS,https://itp.ne.jp/info/133320317155780440,[,s,2023N1001 03:07:15
ˉH,0333981293,s㉬P X|P,https://itp.ne.jp/info/133320548081080780,[,s,2023N1001 03:07:15
炠߂ԌEX,0333933200,s㉬P PO|V,https://itp.ne.jp/info/133321734174540180,[,s,2023N1001 03:07:16
싞X,0425563570,sS䒬厚{ XRT,https://itp.ne.jp/info/133326767100000899,[,s,2023N1001 03:07:16
LБ,0338544640,s搼VP U|PP,https://itp.ne.jp/info/133333105151750660,[,s,2023N1001 03:07:16
gc,0334609036,scJcU QX|V,https://itp.ne.jp/info/133333313100000899,[,s,2023N1001 03:07:16
Љ\}`,0366584030,snc扟P P|Q,https://itp.ne.jp/info/133340250133761370,[,s,2023N1001 03:07:17
,0333048413,scJGRP PR|PT|POQ,https://itp.ne.jp/info/133351422100000899,[,s,2023N1001 03:07:17
ؐHkZX,0338880155,sZ SO|QQ|Pe,https://itp.ne.jp/info/133351958107381290,[,s,2023N1001 03:07:17
q,0336529543,s]ːFQ T|PX,https://itp.ne.jp/info/133365804100000899,[,s,2023N1001 03:07:17
[߂Ă⍂~X,0359291388,s~P QQ|QR,https://itp.ne.jp/info/133383718120740710,[,s,2023N1001 03:07:18
ΒR,0336960991,s擌VT S|Q,https://itp.ne.jp/info/133385346141161480,[,s,2023N1001 03:07:18
֌Ã^{k,0356881233,s䓌T PO|PS,https://itp.ne.jp/info/133391245125350170,[,s,2023N1001 03:07:18
H,0336401823,s]擌R QU|R|POQ,https://itp.ne.jp/info/133404693100000899,[,s,2023N1001 03:07:18
[X,0423164222,ss{T PQ|PS,https://itp.ne.jp/info/133413229036851310,[,s,2023N1001 03:07:18
ˉ鉠,0339846592,sL˂R PP|PO,https://itp.ne.jp/info/133432014168650310,[,s,2023N1001 03:07:19
,0428225789,s~s͕ӒT QX|PW,https://itp.ne.jp/info/133441431165330550,[,s,2023N1001 03:07:19
,0339107418,sLk˂R PO|R|POT,https://itp.ne.jp/info/133442885100000899,[,s,2023N1001 03:07:27
[Ђ΂胖uX,0424221757,ssЂ΂肪ukS P|RO,https://itp.ne.jp/info/133443719169140850,[,s,2023N1001 03:07:27
KyX,0354575077,saJ擹Q PU|U,https://itp.ne.jp/info/133444407124330390,[,s,2023N1001 03:07:28
XՑX,0335582827,sՑP UO|Q,https://itp.ne.jp/info/133449943100000899,[,s,2023N1001 03:07:28
XOX,0422367727,ssvۂQ R|PS,https://itp.ne.jp/info/133452749058840470,[,s,2023N1001 03:07:28
,0339216541,snS SR|PV,https://itp.ne.jp/info/133462895100000899,[,s,2023N1001 03:07:29
[gBlcX,0427930899,scsP PS|QO,https://itp.ne.jp/info/133475451199040330,[,s,2023N1001 03:07:29
VLq[^쒬X,0332935878,sc_c쒬R QU,https://itp.ne.jp/info/133485812100000899,[,s,2023N1001 03:07:29
JX,0362283239,s斩Q PU|QU|POQ,https://itp.ne.jp/info/133491846112960130,[,s,2023N1001 03:07:29
ꕗLHX,0358072772,s䓌R PV|T,https://itp.ne.jp/info/133491917122040180,[,s,2023N1001 03:07:29
܂H,0339667878,s{{ P|Q,https://itp.ne.jp/info/133501323133061890,[,s,2023N1001 03:07:30
t@~[[vX,0338959224,sr擌vQ SX|T,https://itp.ne.jp/info/133512575100000899,[,s,2023N1001 03:07:30
cDy,0332718809,s{Q Q|R,https://itp.ne.jp/info/133522312100000899,[,s,2023N1001 03:07:30
܂⃉[lX,0338903881,s掭lU QU|PR,https://itp.ne.jp/info/133522556113541220,[,s,2023N1001 03:07:30
؂΃^qюX,0336328557,snc]Q U|PS|POQ,https://itp.ne.jp/info/133530201125880600,[,s,2023N1001 03:07:30
LЕ,0423410323,sswP U|PU,https://itp.ne.jp/info/133530637100000899,[,s,2023N1001 03:07:31
݂hq,0423756070,ssnQ PV|PR|POQ,https://itp.ne.jp/info/133553525138071260,[,s,2023N1001 03:07:31
[݂,0353002386,saQ X|QP,https://itp.ne.jp/info/133554806132360290,[,s,2023N1001 03:07:31
Ê쑽[^@t^XX,0337627537,scXkP PP|PW|POP,https://itp.ne.jp/info/133566194100000899,[,s,2023N1001 03:07:31
|pC,0426765001,sqs UQQ,https://itp.ne.jp/info/133574178100000899,[,s,2023N1001 03:07:31
Дq,0332051903,sVh̕꒬Q W|R|QOP,https://itp.ne.jp/info/133579781100000899,[,s,2023N1001 03:07:40
y,0354592300,saJ擹Q U|Q,https://itp.ne.jp/info/133584450191031590,[,s,2023N1001 03:07:41
[߂ٌc,0338208001,s][P P|W,https://itp.ne.jp/info/133602425100000899,[,s,2023N1001 03:07:41
,0339144853,sk_JP QU|QR,https://itp.ne.jp/info/133617195100000899,[,s,2023N1001 03:07:41
{Dy,0332750024,s{R R|T,https://itp.ne.jp/info/133621412100000899,[,s,2023N1001 03:07:42
[߂񂵂Ւg^X,0356166721,s戻U QX|PQ|POQ,https://itp.ne.jp/info/133626896100000899,[,s,2023N1001 03:07:42
؁X,0499625573,s䓇䒬ꋽ UPXU|QO,https://itp.ne.jp/info/133627315200000899,[,s,2023N1001 03:07:42
c,0334933978,sڍ扺ڍP T|QO,https://itp.ne.jp/info/133633133100000899,[,s,2023N1001 03:07:42
嗳,0422310190,ss쒬Q P|QO,https://itp.ne.jp/info/133639138100000899,[,s,2023N1001 03:07:42
kѓX,0339619777,s撇h SS|R,https://itp.ne.jp/info/133642136100000899,[,s,2023N1001 03:07:43
߂񉮋j[X,0362762733,saJ{Q W|P,https://itp.ne.jp/info/133642227180281370,[,s,2023N1001 03:07:43
Gy,0339415897,s΂Q RQ|X,https://itp.ne.jp/info/133649516100000899,[,s,2023N1001 03:07:43
ay,0422540571,ssΒR Q|PS,https://itp.ne.jp/info/133657838100000899,[,s,2023N1001 03:07:43
h,0338725918,s䓌JP QU|P,https://itp.ne.jp/info/133664355100000899,[,s,2023N1001 03:07:43
,0425360179,ss㍻R V|Q,https://itp.ne.jp/info/133666957100000899,[,s,2023N1001 03:07:43
ˁEяꂽ,0337272406,sck瑩R QR|T|P|`,https://itp.ne.jp/info/133670643126031410,[,s,2023N1001 03:07:44
d,0334428386,s`捂ւR V|PS,https://itp.ne.jp/info/133679503100000899,[,s,2023N1001 03:07:44
,0338955688,sr撬R W|PU|POP,https://itp.ne.jp/info/133681033212720530,[,s,2023N1001 03:07:44
ؐH闢X,0356153525,sr擌闢T TO|PP,https://itp.ne.jp/info/133684904137760020,[,s,2023N1001 03:07:44
߂肫,0425852727,sshP RO|P,https://itp.ne.jp/info/133685831164531970,[,s,2023N1001 03:07:44
[߂񉮐,0336485353,s]c QP|U,https://itp.ne.jp/info/133692738183371810,[,s,2023N1001 03:07:54
剪,0427084773,scs\JP PS|T,https://itp.ne.jp/info/133701254196080910,[,s,2023N1001 03:07:54
y,0428508461,scscS R|S,https://itp.ne.jp/info/133701327138680640,[,s,2023N1001 03:07:54
{,0356412429,s{M PO|T|Pe,https://itp.ne.jp/info/133708007100000899,[,s,2023N1001 03:07:54
C,0425598918,ss쓌R PO|S,https://itp.ne.jp/info/133708967100000899,[,s,2023N1001 03:07:55
]qkX,0426561567,sqs{ PPPP|P,https://itp.ne.jp/info/133711213110330520,[,s,2023N1001 03:07:55
ӂ,0336823821,s]T˂V QW|PP,https://itp.ne.jp/info/133716234100000899,[,s,2023N1001 03:07:55
z[z\ԓX,0355735905,s`斃z\ԂP Q|X,https://itp.ne.jp/info/133730156127231750,[,s,2023N1001 03:07:55
琬,0336582441,s抙qS PO|P,https://itp.ne.jp/info/133768314100000899,[,s,2023N1001 03:07:56
,0336331784,s]ZgQ QT|PP,https://itp.ne.jp/info/133771293100000899,[,s,2023N1001 03:07:56
ꕗlX^h,0364590068,s`lP QV|U,https://itp.ne.jp/info/133775019010380020,[,s,2023N1001 03:07:56
^^p[gR,0333108929,s捂~kQ RS|W,https://itp.ne.jp/info/133781722100000899,[,s,2023N1001 03:07:56
ؐH^nX,0359210544,s擿ۂQ R|R,https://itp.ne.jp/info/133783923190640850,[,s,2023N1001 03:07:56
Ă[߂bX,0357251030,saJbQ R|PT,https://itp.ne.jp/info/133793306135230560,[,s,2023N1001 03:07:56
lƌn[ݗ͉,0357996368,scJoP QP|QQ,https://itp.ne.jp/info/133795649046470780,[,s,2023N1001 03:07:57
ؐHlcڒʓX,0356080302,sncƕS PV|S,https://itp.ne.jp/info/133802432166080700,[,s,2023N1001 03:07:57
͂{X,0335711750,sU R|T,https://itp.ne.jp/info/133810915127651770,[,s,2023N1001 03:07:57
ꗖX,0425221950,ssђP R|R,https://itp.ne.jp/info/133810943139340970,[,s,2023N1001 03:07:57
񂿂񃉁[,0335339435,s挎P QO|S,https://itp.ne.jp/info/133813043100000899,[,s,2023N1001 03:07:57
䃉[闬,0333669488,sVh捂cnS PV|PV,https://itp.ne.jp/info/133825306124451670,[,s,2023N1001 03:07:58
[xc,0337889331,sȋQ V|PO,https://itp.ne.jp/info/133828805100000899,[,s,2023N1001 03:08:06
炠߂ԌSVwOX,0337135031,sڍSVQ PQ|QO,https://itp.ne.jp/info/133831645164351310,[,s,2023N1001 03:08:06
l܂,0355651838,sR PP|PO,https://itp.ne.jp/info/133841426196030770,[,s,2023N1001 03:08:07
◴֌˓X,0423383386,ss֌˂T X|PP,https://itp.ne.jp/info/133846537100000899,[,s,2023N1001 03:08:07
\,0333436823,sVh搼VhP PX|Q,https://itp.ne.jp/info/133849642100000899,[,s,2023N1001 03:08:07
˂ނԂX,0366638901,s]ː搼U PR|PS,https://itp.ne.jp/info/133854038130870750,[,s,2023N1001 03:08:08
΂Ă񃉁[,0357502939,siˉzP P|PO,https://itp.ne.jp/info/133855417100000899,[,s,2023N1001 03:08:08
[,0339746065,sn揬|Q VS|W,https://itp.ne.jp/info/133862146100000899,[,s,2023N1001 03:08:08
x߂Ή,0333511756,sVhlJP QR,https://itp.ne.jp/info/133864007139181060,[,s,2023N1001 03:08:08
Ђ,0338832519,scƂQ PR|X,https://itp.ne.jp/info/133868165100000899,[,s,2023N1001 03:08:08
΂[߂,0359041147,sԒːVQ U|S,https://itp.ne.jp/info/133869027100000899,[,s,2023N1001 03:08:08
݂悵,0338014484,srZR RT|PP,https://itp.ne.jp/info/133898315100000899,[,s,2023N1001 03:08:09
y,0334729751,siiP T|P|POQ,https://itp.ne.jp/info/133900123100000899,[,s,2023N1001 03:08:09
ی[vēX,0424207620,svĎsQ U|T,https://itp.ne.jp/info/133903348123780830,[,s,2023N1001 03:08:09
Е^kZX,0338816203,sZR UU,https://itp.ne.jp/info/133913824179330990,[,s,2023N1001 03:08:09
|q,0356840256,s{Q QU|X,https://itp.ne.jp/info/133923229050430590,[,s,2023N1001 03:08:09
,0336786857,s]ː蒬S QS|PW,https://itp.ne.jp/info/133924824100000899,[,s,2023N1001 03:08:10
ؐHxV勴ʓX,0335536004,s攪xR QP|R,https://itp.ne.jp/info/133933400111171890,[,s,2023N1001 03:08:10
n^闢X,0338052430,sr搼闢Q PW|Q,https://itp.ne.jp/info/133940231108330470,[,s,2023N1001 03:08:10
݂݂񃉁[{X,0426242774,sqs茴 SRV|P,https://itp.ne.jp/info/133942958100000899,[,s,2023N1001 03:08:10
y,0335415678,sS PO|PQ,https://itp.ne.jp/info/133952243100000899,[,s,2023N1001 03:08:19
񂭂Ă,0369136770,s扺䑐T QQ|PV,https://itp.ne.jp/info/133953049011880710,[,s,2023N1001 03:08:19
KH,0333719973,s擌P RQ|R,https://itp.ne.jp/info/133954162100000899,[,s,2023N1001 03:08:20
[߂╗_iwOX,0334465676,s`捂ւS PO|QT,https://itp.ne.jp/info/133959703100000899,[,s,2023N1001 03:08:20
s,0364163960,saJ~R PS|R|POP,https://itp.ne.jp/info/133963856171280760,[,s,2023N1001 03:08:20
܂̂ߏHtX,0332532070,scO_cP X|W,https://itp.ne.jp/info/133975329067551200,[,s,2023N1001 03:08:21
[nEX,0425451030,ssʐ쒬R PW|PQ,https://itp.ne.jp/info/133981367100000899,[,s,2023N1001 03:08:21
Α{Xˉ@,0359159619,sՑP T|U|POP,https://itp.ne.jp/info/133983556128061540,[,s,2023N1001 03:08:21
ViRX,0333041588,s㍂˂P X|Q,https://itp.ne.jp/info/133991740146330440,[,s,2023N1001 03:08:21
Kyz[YcX,0449813615,scsO֒ QWP|P,https://itp.ne.jp/info/133992236150070510,[,s,2023N1001 03:08:21
ˏrC,0353510346,saJX؂Q PU|X,https://itp.ne.jp/info/133994155159551300,[,s,2023N1001 03:08:22
炠߂ԌʂX,0357270315,scJ抙cS PS|T,https://itp.ne.jp/info/134015046146961710,[,s,2023N1001 03:08:22
_c,0332514757,scO_cQ PX|Q,https://itp.ne.jp/info/134018002100000899,[,s,2023N1001 03:08:22
KycX,0424522332,sskR R|TU,https://itp.ne.jp/info/134021800154070960,[,s,2023N1001 03:08:22
ZƏܓX,0359426815,s܂P RS|QR,https://itp.ne.jp/info/134022707156270800,[,s,2023N1001 03:08:22
ʂ,0425515112,ssu SX,https://itp.ne.jp/info/134027467100000899,[,s,2023N1001 03:08:23
z͂܂̂ڂ,0362312040,s戻Q P|S,https://itp.ne.jp/info/134032251111581690,[,s,2023N1001 03:08:23
叟܂邢aJX,0364274200,saJaJQ QO|PP,https://itp.ne.jp/info/134034446161680150,[,s,2023N1001 03:08:23
t؉,0422205185,ssgˎ{Q PS|P,https://itp.ne.jp/info/134037038100000899,[,s,2023N1001 03:08:23
Au{,0363833241,saJX؂P TW|V,https://itp.ne.jp/info/134042903178171540,[,s,2023N1001 03:08:23
gˎ݂݂,0422281828,ssgˎ{P P|X,https://itp.ne.jp/info/134055734114820860,[,s,2023N1001 03:08:33
LЏ\,0425515502,sS䒬ނQ SW|PS,https://itp.ne.jp/info/134057467100000899,[,s,2023N1001 03:08:33
֌Ã^{cn,0332051223,sVh捂cnP QU|T,https://itp.ne.jp/info/134070934106460060,[,s,2023N1001 03:08:33
߂,0425302225,ss厚F UWX|SO|Q,https://itp.ne.jp/info/134073435172541220,[,s,2023N1001 03:08:34
l,0352484069,sR QW|W|POR,https://itp.ne.jp/info/134075804104250960,[,s,2023N1001 03:08:34
߂񓿓ڂcѓcX,0362689377,scѓcS W|PS,https://itp.ne.jp/info/134093135173451620,[,s,2023N1001 03:08:34
y,0338235068,sk撆P W|P,https://itp.ne.jp/info/134102625100000899,[,s,2023N1001 03:08:35
V,0336298234,sR PS|PS,https://itp.ne.jp/info/134105983100000899,[,s,2023N1001 03:08:35
LЖItBX,0337084448,scJpQ RO|PU|POR,https://itp.ne.jp/info/134112055116441670,[,s,2023N1001 03:08:35
悤,0332229171,sc_c_ےR PQ,https://itp.ne.jp/info/134112391100000899,[,s,2023N1001 03:08:35
݂ꔭΑX,0334838769,scJΑP QR|PQ,https://itp.ne.jp/info/134124623100000899,[,s,2023N1001 03:08:35
cX{X,0427057555,scsXP RS|PR|R|POP,https://itp.ne.jp/info/134124921196250430,[,s,2023N1001 03:08:36
q[OԒ,0425356567,ss쒬R W|S,https://itp.ne.jp/info/134125708130770610,[,s,2023N1001 03:08:36
ؕ,0337917057,sڍ撆ڍP S|PW,https://itp.ne.jp/info/134137905100000899,[,s,2023N1001 03:08:36
OD,0336173837,snc攪LU PW|V,https://itp.ne.jp/info/134142083100000899,[,s,2023N1001 03:08:36
_ƏX,0423208811,ssؒP SUP|P,https://itp.ne.jp/info/134142336139461710,[,s,2023N1001 03:08:36
VwOX,0356781261,sVP SW|X,https://itp.ne.jp/info/134144124100920940,[,s,2023N1001 03:08:37
rܖkwOX,0339897231,sL搼r܂P QW|P,https://itp.ne.jp/info/134150433161160160,[,s,2023N1001 03:08:37
Бꌳ^˓X,0333775662,saJ˂Q PX|R|POP,https://itp.ne.jp/info/134152562100000899,[,s,2023N1001 03:08:37
˂⏯,0332672955,sVhsJcP R,https://itp.ne.jp/info/134160406182741430,[,s,2023N1001 03:08:37
Е^VhꋴX,0333635377,sVh搼VhV X|PS,https://itp.ne.jp/info/134163059086151210,[,s,2023N1001 03:08:46
ےJ叟,0339224030,snR RP|PW,https://itp.ne.jp/info/134165719040461480,[,s,2023N1001 03:08:46
ˑ剤OX,0333251565,scJ揼P RW|PX,https://itp.ne.jp/info/134166532100000899,[,s,2023N1001 03:08:47
ˁfr,0499623830,s䓇䒬O PXSO|QP,https://itp.ne.jp/info/134175547145381550,[,s,2023N1001 03:08:47
ˏ̂,0335505066,sn敽aQ TQ|W|POP,https://itp.ne.jp/info/134183406174481640,[,s,2023N1001 03:08:47
V{,0333518958,sVhVhT P|QP,https://itp.ne.jp/info/134184942100000899,[,s,2023N1001 03:08:48
,0334006886,saJaJQ QQ|PS,https://itp.ne.jp/info/134202182100000899,[,s,2023N1001 03:08:48
ܖF,0332687539,sVh| SP,https://itp.ne.jp/info/134202253153330520,[,s,2023N1001 03:08:48
Е^VvۓX,0332087417,sVhvۂP PT|PV|POR,https://itp.ne.jp/info/134204981100000899,[,s,2023N1001 03:08:48
[,0336072539,s擌U PR|PP,https://itp.ne.jp/info/134211173100000899,[,s,2023N1001 03:08:48
n},0335570703,snh QQ|P,https://itp.ne.jp/info/134214934104480360,[,s,2023N1001 03:08:48
ˉVX,0338450886,s䓌擌S PO|U|S,https://itp.ne.jp/info/134232756101161760,[,s,2023N1001 03:08:49
c,0337341910,sc搼ZS PV|Q|QOQ,https://itp.ne.jp/info/134234811131841570,[,s,2023N1001 03:08:49
炠˂VhX,0333410663,sVhVhR U|R,https://itp.ne.jp/info/134235413166930950,[,s,2023N1001 03:08:49
΂,0337001045,scJʐR PP|U,https://itp.ne.jp/info/134243844100000899,[,s,2023N1001 03:08:49
ˉ݂,0337001830,scJʐR PR|S,https://itp.ne.jp/info/134251610145561980,[,s,2023N1001 03:08:49
ؐHcAX^X,0424502031,sscQ P|P,https://itp.ne.jp/info/134251707126650640,[,s,2023N1001 03:08:50
琬[X,0339490660,sL搼S PS|PS|POQ,https://itp.ne.jp/info/134252026100000899,[,s,2023N1001 03:08:50
Ӌ|,0356075901,sVQ U|P|Pe,https://itp.ne.jp/info/134253796100000899,[,s,2023N1001 03:08:50
h,0334890855,s]s˖kS PP|X,https://itp.ne.jp/info/134256823100000899,[,s,2023N1001 03:08:50
}iJ,0332357701,sVhV쒬 W|S,https://itp.ne.jp/info/134260791100000899,[,s,2023N1001 03:09:00
,0338744018,s䓌󑐂R V|S,https://itp.ne.jp/info/134264555100000899,[,s,2023N1001 03:09:00
[ނ,0337278282,sck瑩R RP|U,https://itp.ne.jp/info/134265015136171740,[,s,2023N1001 03:09:00
ˉƂ΂,0333662310,s擌S S|R|b,https://itp.ne.jp/info/134265036166061120,[,s,2023N1001 03:09:00
[߂a,0336718500,s]ːkU PP|PR|POP,https://itp.ne.jp/info/134265346151280270,[,s,2023N1001 03:09:01
[߂Ȃ肽,0356377456,sncюR R|Q,https://itp.ne.jp/info/134265706187062000,[,s,2023N1001 03:09:01
^C[eB[kcX,0332021865,sVh搼cQ PW|QT|Pe,https://itp.ne.jp/info/134276581100000899,[,s,2023N1001 03:09:01
LЖoɊy,0338622828,sc_cvԒR QX|R,https://itp.ne.jp/info/134290604195630620,[,s,2023N1001 03:09:01
SXːR,0428319633,s~sS T|QS,https://itp.ne.jp/info/134293911180630920,[,s,2023N1001 03:09:02
[Z,0423972688,sRs{P S|T|POU,https://itp.ne.jp/info/134304036136680160,[,s,2023N1001 03:09:02
[߂̏o,0354434323,s`C݂Q U|SP,https://itp.ne.jp/info/134321486100000899,[,s,2023N1001 03:09:02
ViaJX,0354283650,saJFc쒬 RO|R,https://itp.ne.jp/info/134322030170430510,[,s,2023N1001 03:09:02
,0424917334,ssP PO|PR,https://itp.ne.jp/info/134322558100000899,[,s,2023N1001 03:09:02
ؐH^OX,0356029971,s]OP V|PP,https://itp.ne.jp/info/134323204131030740,[,s,2023N1001 03:09:03
Ƃ,0369090969,scJGRU QW|S,https://itp.ne.jp/info/134341407185270200,[,s,2023N1001 03:09:03
VS[,0338198331,sr擌vP QP|W,https://itp.ne.jp/info/134343234171171960,[,s,2023N1001 03:09:03
RuS,0337231617,sڍ掩RuP PQ|X,https://itp.ne.jp/info/134344750122460270,[,s,2023N1001 03:09:03
VS[,0338059198,sr擌闢U PT|P,https://itp.ne.jp/info/134364013173271340,[,s,2023N1001 03:09:03
Ս,0362408310,srrU QO|PQ,https://itp.ne.jp/info/134365038084971200,[,s,2023N1001 03:09:04
Ƃڒ,0336867753,s]ːFc PRUS|PP|POR,https://itp.ne.jp/info/134383634100000899,[,s,2023N1001 03:09:04
XꒆڍX,0337112777,sڍ撆ڍS T|P,https://itp.ne.jp/info/134386554100000899,[,s,2023N1001 03:09:13
ΐf`bgh,0363804874,sVhZg V|PO,https://itp.ne.jp/info/134392426160270910,[,s,2023N1001 03:09:13
pppppC,0427093987,scscR P|S|Qe,https://itp.ne.jp/info/134401934116780370,[,s,2023N1001 03:09:13
炭,0334823115,scJ搬U PU|T,https://itp.ne.jp/info/134422625143330940,[,s,2023N1001 03:09:14
ؗ,0339015473,skԉHP UQ|PO,https://itp.ne.jp/info/134431185100000899,[,s,2023N1001 03:09:14
,0335615190,sP PR|U,https://itp.ne.jp/info/134432248146870910,[,s,2023N1001 03:09:14
Ky,0422535306,ss֑OT P|PS,https://itp.ne.jp/info/134435838100000899,[,s,2023N1001 03:09:15
[߂Ԟِ}tX,0427923324,scs}t PUUS,https://itp.ne.jp/info/134442908100000899,[,s,2023N1001 03:09:15
y{,0334641650,saJ擹Q V|S,https://itp.ne.jp/info/134454513100000899,[,s,2023N1001 03:09:15
ؗFy,0337616848,scXQ Q|V,https://itp.ne.jp/info/134456094100000899,[,s,2023N1001 03:09:15
F,0335808868,scLyP Q|X,https://itp.ne.jp/info/134468753100000899,[,s,2023N1001 03:09:15
z̃g}gˑ˖kX,0359074757,sLk˂Q W|W|Pe,https://itp.ne.jp/info/134470843123940130,[,s,2023N1001 03:09:16
gՌRsXgˎX,0422275066,ssgˎ{P PP|T,https://itp.ne.jp/info/134495154189861840,[,s,2023N1001 03:09:16
ETNiˉDnj,0359374898,sVhSlQ PX|PP,https://itp.ne.jp/info/134495956167851840,[,s,2023N1001 03:09:16
Dy{ܕlNA^[X,0334355447,s`lQ R|P,https://itp.ne.jp/info/134500303100000899,[,s,2023N1001 03:09:16
cDy,0335014544,s`搼VP PX|U,https://itp.ne.jp/info/134500433100000899,[,s,2023N1001 03:09:16
푠,0369055888,sP SW|PP,https://itp.ne.jp/info/134503445137331810,[,s,2023N1001 03:09:16
O,0332678270,sVh搼܌ X|T,https://itp.ne.jp/info/134507012100000899,[,s,2023N1001 03:09:17
OcˏbX,0357203801,saJbQ P|PQ,https://itp.ne.jp/info/134512811193340420,[,s,2023N1001 03:09:17
֌Ã^{rܓX,0359541123,sL擌r܂P PQ|PT,https://itp.ne.jp/info/134520957198270580,[,s,2023N1001 03:09:17
ʓڍX,0334935286,sڍڍP T|PX,https://itp.ne.jp/info/134530839001330970,[,s,2023N1001 03:09:26
,0336176622,s]ː敽T QT|U,https://itp.ne.jp/info/134535083100000899,[,s,2023N1001 03:09:26
[߂P,0334214988,scJP PV|PT,https://itp.ne.jp/info/134541905136581550,[,s,2023N1001 03:09:26
,0336277865,s擌P PV|PQ,https://itp.ne.jp/info/134542883100000899,[,s,2023N1001 03:09:26
zO,0339697373,sՑR QQ|V,https://itp.ne.jp/info/134543736100000899,[,s,2023N1001 03:09:27
ƐΑDX,0334261281,scJuQ QW|PV|Pe,https://itp.ne.jp/info/134550018123780070,[,s,2023N1001 03:09:27
߂񏈂,0336641416,s{ PP|PP,https://itp.ne.jp/info/134550441183331320,[,s,2023N1001 03:09:27
u,0334944988,si搼ܔcV QQ|PV|aP|TV,https://itp.ne.jp/info/134558133100000899,[,s,2023N1001 03:09:28
j,0336246956,snc摾S Q|P|POP,https://itp.ne.jp/info/134562683100000899,[,s,2023N1001 03:09:28
тΈꌶVhX,0359374155,sVh搼VhV W|Q|Pe,https://itp.ne.jp/info/134562829081371090,[,s,2023N1001 03:09:28
ˍʖ[{X,0333862327,sVR U|V|POR,https://itp.ne.jp/info/134565716106940320,[,s,2023N1001 03:09:28
y,0339884428,sLr܂Q R|T,https://itp.ne.jp/info/134565946100000899,[,s,2023N1001 03:09:29
؉,0333892561,s撆T TT|R,https://itp.ne.jp/info/134570928166941760,[,s,2023N1001 03:09:29
y,0425611929,sasXQ RU|T,https://itp.ne.jp/info/134576077100000899,[,s,2023N1001 03:09:29
܂邢,0333516836,sVhlJR U,https://itp.ne.jp/info/134582942100000899,[,s,2023N1001 03:09:29
[߂񏈕,0338930184,skc[VP PQ|V,https://itp.ne.jp/info/134584148189671500,[,s,2023N1001 03:09:29
isJ{X,0332392622,sciS V|PU|Pe,https://itp.ne.jp/info/134589791100000899,[,s,2023N1001 03:09:30
kC[Ԓ͌X,0423683835,s{sZgS S|S,https://itp.ne.jp/info/134597347100000899,[,s,2023N1001 03:09:30
^,0424877210,szsPuR QW|R,https://itp.ne.jp/info/134597358100000899,[,s,2023N1001 03:09:30
Ƃ񂱂q[,0339275876,skLR PQ|PW,https://itp.ne.jp/info/134619306100000899,[,s,2023N1001 03:09:39
[߂MY,0362337838,sVh̕꒬Q W|PQ,https://itp.ne.jp/info/134620616191271260,[,s,2023N1001 03:09:39
ԉ,0333983785,s㉬P X|P,https://itp.ne.jp/info/134622972100000899,[,s,2023N1001 03:09:40
,0357845845,saJbQ R|X|POP,https://itp.ne.jp/info/134635146160550300,[,s,2023N1001 03:09:40
]RX,0423979666,sRsHÒR Q|Q,https://itp.ne.jp/info/134636457100000899,[,s,2023N1001 03:09:40
u,0336588719,s]ː擌R QO|U,https://itp.ne.jp/info/134645414100000899,[,s,2023N1001 03:09:41
[A,0338236994,sʖ؂R RV|T|`,https://itp.ne.jp/info/134660415171531720,[,s,2023N1001 03:09:41
[|,0336591588,s]ː搼T P|QO,https://itp.ne.jp/info/134666193100000899,[,s,2023N1001 03:09:41
[߂񏬐쌬,0427952807,scsU QX|PV|POQ,https://itp.ne.jp/info/134682214160951660,[,s,2023N1001 03:09:41
ZV,0336802543,s]ː撆R RO|PT,https://itp.ne.jp/info/134691034100000899,[,s,2023N1001 03:09:41
[,0426214487,sqs PO|R,https://itp.ne.jp/info/134693501111361880,[,s,2023N1001 03:09:42
n~,0424923289,ssRP SU|RO,https://itp.ne.jp/info/134706558100000899,[,s,2023N1001 03:09:42
[߂񐼊CtX,0423502955,sstQ P|P,https://itp.ne.jp/info/134710154131850340,[,s,2023N1001 03:09:42
K,0339440790,sL˂Q Q|QO,https://itp.ne.jp/info/134713716100000899,[,s,2023N1001 03:09:42
gˎ}Wi^j,0422488867,ssgˎ쒬Q U|Q,https://itp.ne.jp/info/134714019033541180,[,s,2023N1001 03:09:42
N[,0424895678,szsR UW|P,https://itp.ne.jp/info/134715458100000899,[,s,2023N1001 03:09:43
l[߂cX,0364572613,s]CP P|PO,https://itp.ne.jp/info/134722144118661460,[,s,2023N1001 03:09:43
񂽘O,0425592355,ss{ PSXT|U,https://itp.ne.jp/info/134724967100000899,[,s,2023N1001 03:09:43
ド[g,0339532292,sVh撆P PV|P,https://itp.ne.jp/info/134731359069080550,[,s,2023N1001 03:09:43
炠߂Ԍ쐼X,0425203030,ssQ TU|T,https://itp.ne.jp/info/134733801173181610,[,s,2023N1001 03:09:43
